open repository
lock repository
using parent snapshot 1e8dc735
load index files
start scan on [/home/kevin]
start backup on [/home/kevin]
scan finished in 1.350s: 60184 files, 32.028 GiB

Files:          68 new,   116 changed, 60000 unmodified
Dirs:            0 new,    61 changed,  9108 unmodified
Data Blobs:    199 new
Tree Blobs:     55 new
Added to the repository: 33.853 MiB (6.486 MiB stored)

processed 60184 files, 32.028 GiB in 0:04
snapshot b933f2c5 saved
Applying Policy: keep 7 daily, 4 weekly, 6 monthly snapshots
keep 4 snapshots:
ID        Time                 Host         Tags        Reasons           Paths
-------------------------------------------------------------------------------------
e72d2009  2026-03-01 15:05:35  ubuntu-7050              daily snapshot    /home/kevin
                                                        weekly snapshot
                                                        monthly snapshot
a8edba8b  2026-03-01 21:12:25  ubuntu-7050              daily snapshot    /home/kevin
                                                        weekly snapshot
1e8dc735  2026-03-10 03:08:34  ubuntu-7050              daily snapshot    /home/kevin
b933f2c5  2026-03-11 02:00:01  ubuntu-7050              daily snapshot    /home/kevin
                                                        weekly snapshot
                                                        monthly snapshot
-------------------------------------------------------------------------------------
4 snapshots

open repository
lock repository
using parent snapshot b933f2c5
load index files
start scan on [/home/kevin]
start backup on [/home/kevin]
scan finished in 2.624s: 60186 files, 32.028 GiB

Files:           2 new,    10 changed, 60174 unmodified
Dirs:            0 new,    18 changed,  9151 unmodified
Data Blobs:     22 new
Tree Blobs:     18 new
Added to the repository: 12.609 MiB (758.238 KiB stored)

processed 60186 files, 32.028 GiB in 0:03
snapshot 1e2b5d29 saved
Applying Policy: keep 7 daily, 4 weekly, 6 monthly snapshots
keep 5 snapshots:
ID        Time                 Host         Tags        Reasons           Paths
-------------------------------------------------------------------------------------
e72d2009  2026-03-01 15:05:35  ubuntu-7050              daily snapshot    /home/kevin
                                                        weekly snapshot
                                                        monthly snapshot
a8edba8b  2026-03-01 21:12:25  ubuntu-7050              daily snapshot    /home/kevin
                                                        weekly snapshot
1e8dc735  2026-03-10 03:08:34  ubuntu-7050              daily snapshot    /home/kevin
b933f2c5  2026-03-11 02:00:01  ubuntu-7050              daily snapshot    /home/kevin
1e2b5d29  2026-03-12 02:00:01  ubuntu-7050              daily snapshot    /home/kevin
                                                        weekly snapshot
                                                        monthly snapshot
-------------------------------------------------------------------------------------
5 snapshots

open repository
lock repository
using parent snapshot 1e2b5d29
load index files
start scan on [/home/kevin]
start backup on [/home/kevin]
scan finished in 1.741s: 60186 files, 32.028 GiB

Files:           8 new,     0 changed, 60178 unmodified
Dirs:           13 new,     4 changed,  9152 unmodified
Data Blobs:      0 new
Tree Blobs:     16 new
Added to the repository: 37.211 KiB (11.624 KiB stored)

processed 60186 files, 32.028 GiB in 0:03
snapshot e369a3e5 saved
Applying Policy: keep 7 daily, 4 weekly, 6 monthly snapshots
keep 6 snapshots:
ID        Time                 Host         Tags        Reasons           Paths
-------------------------------------------------------------------------------------
e72d2009  2026-03-01 15:05:35  ubuntu-7050              daily snapshot    /home/kevin
                                                        weekly snapshot
                                                        monthly snapshot
a8edba8b  2026-03-01 21:12:25  ubuntu-7050              daily snapshot    /home/kevin
                                                        weekly snapshot
1e8dc735  2026-03-10 03:08:34  ubuntu-7050              daily snapshot    /home/kevin
b933f2c5  2026-03-11 02:00:01  ubuntu-7050              daily snapshot    /home/kevin
1e2b5d29  2026-03-12 02:00:01  ubuntu-7050              daily snapshot    /home/kevin
e369a3e5  2026-03-13 02:00:01  ubuntu-7050              daily snapshot    /home/kevin
                                                        weekly snapshot
                                                        monthly snapshot
-------------------------------------------------------------------------------------
6 snapshots

open repository
lock repository
using parent snapshot e369a3e5
load index files
start scan on [/home/kevin]
start backup on [/home/kevin]
scan finished in 2.248s: 60186 files, 32.028 GiB

Files:           0 new,     0 changed, 60186 unmodified
Dirs:            0 new,     0 changed,  9169 unmodified
Data Blobs:      0 new
Tree Blobs:      0 new
Added to the repository: 0 B   (0 B   stored)

processed 60186 files, 32.028 GiB in 0:03
snapshot d3cdbe5d saved
Applying Policy: keep 7 daily, 4 weekly, 6 monthly snapshots
keep 7 snapshots:
ID        Time                 Host         Tags        Reasons           Paths
-------------------------------------------------------------------------------------
e72d2009  2026-03-01 15:05:35  ubuntu-7050              daily snapshot    /home/kevin
                                                        weekly snapshot
                                                        monthly snapshot
a8edba8b  2026-03-01 21:12:25  ubuntu-7050              daily snapshot    /home/kevin
                                                        weekly snapshot
1e8dc735  2026-03-10 03:08:34  ubuntu-7050              daily snapshot    /home/kevin
b933f2c5  2026-03-11 02:00:01  ubuntu-7050              daily snapshot    /home/kevin
1e2b5d29  2026-03-12 02:00:01  ubuntu-7050              daily snapshot    /home/kevin
e369a3e5  2026-03-13 02:00:01  ubuntu-7050              daily snapshot    /home/kevin
d3cdbe5d  2026-03-14 02:00:01  ubuntu-7050              daily snapshot    /home/kevin
                                                        weekly snapshot
                                                        monthly snapshot
-------------------------------------------------------------------------------------
7 snapshots

open repository
lock repository
using parent snapshot d3cdbe5d
load index files
start scan on [/home/kevin]
start backup on [/home/kevin]
scan finished in 2.571s: 60186 files, 32.028 GiB

Files:           0 new,     0 changed, 60186 unmodified
Dirs:            0 new,     0 changed,  9169 unmodified
Data Blobs:      0 new
Tree Blobs:      0 new
Added to the repository: 0 B   (0 B   stored)

processed 60186 files, 32.028 GiB in 0:03
snapshot 7ccd09e4 saved
Applying Policy: keep 7 daily, 4 weekly, 6 monthly snapshots
keep 8 snapshots:
ID        Time                 Host         Tags        Reasons           Paths
-------------------------------------------------------------------------------------
e72d2009  2026-03-01 15:05:35  ubuntu-7050              weekly snapshot   /home/kevin
                                                        monthly snapshot
a8edba8b  2026-03-01 21:12:25  ubuntu-7050              daily snapshot    /home/kevin
                                                        weekly snapshot
1e8dc735  2026-03-10 03:08:34  ubuntu-7050              daily snapshot    /home/kevin
b933f2c5  2026-03-11 02:00:01  ubuntu-7050              daily snapshot    /home/kevin
1e2b5d29  2026-03-12 02:00:01  ubuntu-7050              daily snapshot    /home/kevin
e369a3e5  2026-03-13 02:00:01  ubuntu-7050              daily snapshot    /home/kevin
d3cdbe5d  2026-03-14 02:00:01  ubuntu-7050              daily snapshot    /home/kevin
7ccd09e4  2026-03-15 02:00:01  ubuntu-7050              daily snapshot    /home/kevin
                                                        weekly snapshot
                                                        monthly snapshot
-------------------------------------------------------------------------------------
8 snapshots

open repository
lock repository
using parent snapshot 7ccd09e4
load index files
start scan on [/home/kevin]
start backup on [/home/kevin]
scan finished in 2.668s: 60186 files, 32.028 GiB

Files:           0 new,     0 changed, 60186 unmodified
Dirs:            0 new,     0 changed,  9169 unmodified
Data Blobs:      0 new
Tree Blobs:      0 new
Added to the repository: 0 B   (0 B   stored)

processed 60186 files, 32.028 GiB in 0:03
snapshot 0c0048dc saved
Applying Policy: keep 7 daily, 4 weekly, 6 monthly snapshots
keep 9 snapshots:
ID        Time                 Host         Tags        Reasons           Paths
-------------------------------------------------------------------------------------
e72d2009  2026-03-01 15:05:35  ubuntu-7050              weekly snapshot   /home/kevin
                                                        monthly snapshot
a8edba8b  2026-03-01 21:12:25  ubuntu-7050              weekly snapshot   /home/kevin
1e8dc735  2026-03-10 03:08:34  ubuntu-7050              daily snapshot    /home/kevin
b933f2c5  2026-03-11 02:00:01  ubuntu-7050              daily snapshot    /home/kevin
1e2b5d29  2026-03-12 02:00:01  ubuntu-7050              daily snapshot    /home/kevin
e369a3e5  2026-03-13 02:00:01  ubuntu-7050              daily snapshot    /home/kevin
d3cdbe5d  2026-03-14 02:00:01  ubuntu-7050              daily snapshot    /home/kevin
7ccd09e4  2026-03-15 02:00:01  ubuntu-7050              daily snapshot    /home/kevin
                                                        weekly snapshot
0c0048dc  2026-03-16 02:00:01  ubuntu-7050              daily snapshot    /home/kevin
                                                        weekly snapshot
                                                        monthly snapshot
-------------------------------------------------------------------------------------
9 snapshots

open repository
lock repository
using parent snapshot 0c0048dc
load index files
start scan on [/home/kevin]
start backup on [/home/kevin]
scan finished in 1.908s: 60558 files, 32.073 GiB

Files:         421 new,   375 changed, 59762 unmodified
Dirs:            2 new,   113 changed,  9054 unmodified
Data Blobs:    958 new
Tree Blobs:    104 new
Added to the repository: 285.682 MiB (90.905 MiB stored)

processed 60558 files, 32.073 GiB in 0:10
snapshot 1ed78f2f saved
Applying Policy: keep 7 daily, 4 weekly, 6 monthly snapshots
keep 9 snapshots:
ID        Time                 Host         Tags        Reasons           Paths
-------------------------------------------------------------------------------------
e72d2009  2026-03-01 15:05:35  ubuntu-7050              weekly snapshot   /home/kevin
                                                        monthly snapshot
a8edba8b  2026-03-01 21:12:25  ubuntu-7050              weekly snapshot   /home/kevin
b933f2c5  2026-03-11 02:00:01  ubuntu-7050              daily snapshot    /home/kevin
1e2b5d29  2026-03-12 02:00:01  ubuntu-7050              daily snapshot    /home/kevin
e369a3e5  2026-03-13 02:00:01  ubuntu-7050              daily snapshot    /home/kevin
d3cdbe5d  2026-03-14 02:00:01  ubuntu-7050              daily snapshot    /home/kevin
7ccd09e4  2026-03-15 02:00:01  ubuntu-7050              daily snapshot    /home/kevin
                                                        weekly snapshot
0c0048dc  2026-03-16 02:00:01  ubuntu-7050              daily snapshot    /home/kevin
1ed78f2f  2026-03-18 02:00:01  ubuntu-7050              daily snapshot    /home/kevin
                                                        weekly snapshot
                                                        monthly snapshot
-------------------------------------------------------------------------------------
9 snapshots

remove 1 snapshots:
ID        Time                 Host         Tags        Paths
-------------------------------------------------------------------
1e8dc735  2026-03-10 03:08:34  ubuntu-7050              /home/kevin
-------------------------------------------------------------------
1 snapshots

[0:00] 100.00%  1 / 1 files deleted

1 snapshots have been removed, running prune
loading indexes...
loading all snapshots...
finding data that is still in use for 9 snapshots
[0:00] 100.00%  9 / 9 snapshots

searching used packs...
collecting packs for deletion and repacking
[0:04] 100.00%  1719 / 1719 packs processed


to repack:          1784 blobs / 2.552 MiB
this removes:         55 blobs / 1.101 MiB
to delete:             0 blobs / 0 B
total prune:          55 blobs / 1.101 MiB
remaining:        113910 blobs / 28.177 GiB
unused size after prune: 5.721 MiB (0.02% of remaining size)

repacking packs
[0:00] 100.00%  1 / 1 packs repacked

rebuilding index
[0:01] 100.00%  1719 / 1719 packs processed

deleting obsolete index files
[0:00] 100.00%  10 / 10 files deleted

removing 1 old packs
[0:00] 100.00%  1 / 1 files deleted

done
open repository
lock repository
using parent snapshot 1ed78f2f
load index files
start scan on [/home/kevin]
start backup on [/home/kevin]
scan finished in 1.659s: 60559 files, 32.067 GiB

Files:          65 new,    23 changed, 60471 unmodified
Dirs:           25 new,    30 changed,  9115 unmodified
Data Blobs:    110 new
Tree Blobs:     49 new
Added to the repository: 123.139 MiB (65.623 MiB stored)

processed 60559 files, 32.067 GiB in 0:08
snapshot 24674331 saved
Applying Policy: keep 7 daily, 4 weekly, 6 monthly snapshots
keep 9 snapshots:
ID        Time                 Host         Tags        Reasons           Paths
-------------------------------------------------------------------------------------
e72d2009  2026-03-01 15:05:35  ubuntu-7050              weekly snapshot   /home/kevin
                                                        monthly snapshot
a8edba8b  2026-03-01 21:12:25  ubuntu-7050              weekly snapshot   /home/kevin
1e2b5d29  2026-03-12 02:00:01  ubuntu-7050              daily snapshot    /home/kevin
e369a3e5  2026-03-13 02:00:01  ubuntu-7050              daily snapshot    /home/kevin
d3cdbe5d  2026-03-14 02:00:01  ubuntu-7050              daily snapshot    /home/kevin
7ccd09e4  2026-03-15 02:00:01  ubuntu-7050              daily snapshot    /home/kevin
                                                        weekly snapshot
0c0048dc  2026-03-16 02:00:01  ubuntu-7050              daily snapshot    /home/kevin
1ed78f2f  2026-03-18 02:00:01  ubuntu-7050              daily snapshot    /home/kevin
24674331  2026-03-19 02:00:01  ubuntu-7050              daily snapshot    /home/kevin
                                                        weekly snapshot
                                                        monthly snapshot
-------------------------------------------------------------------------------------
9 snapshots

remove 1 snapshots:
ID        Time                 Host         Tags        Paths
-------------------------------------------------------------------
b933f2c5  2026-03-11 02:00:01  ubuntu-7050              /home/kevin
-------------------------------------------------------------------
1 snapshots

[0:00] 100.00%  1 / 1 files deleted

1 snapshots have been removed, running prune
loading indexes...
loading all snapshots...
finding data that is still in use for 9 snapshots
[0:00] 100.00%  9 / 9 snapshots

searching used packs...
collecting packs for deletion and repacking
[0:03] 100.00%  1724 / 1724 packs processed


to repack:            55 blobs / 1.107 MiB
this removes:         17 blobs / 14.746 KiB
to delete:             0 blobs / 0 B
total prune:          17 blobs / 14.746 KiB
remaining:        114052 blobs / 28.241 GiB
unused size after prune: 6.513 MiB (0.02% of remaining size)

repacking packs
[0:00] 100.00%  1 / 1 packs repacked

rebuilding index
[0:01] 100.00%  1724 / 1724 packs processed

deleting obsolete index files
[0:00] 100.00%  2 / 2 files deleted

removing 1 old packs
[0:00] 100.00%  1 / 1 files deleted

done
open repository
lock repository
using parent snapshot 24674331
load index files
start scan on [/home/kevin]
start backup on [/home/kevin]
scan finished in 1.525s: 57961 files, 32.223 GiB

Files:        8735 new,   835 changed, 48391 unmodified
Dirs:          146 new,   195 changed,  8969 unmodified
Data Blobs:   9906 new
Tree Blobs:    281 new
Added to the repository: 1.057 GiB (696.605 MiB stored)

processed 57961 files, 32.223 GiB in 0:48
snapshot 9ceafee8 saved
Applying Policy: keep 7 daily, 4 weekly, 6 monthly snapshots
keep 9 snapshots:
ID        Time                 Host         Tags        Reasons           Paths
-------------------------------------------------------------------------------------
e72d2009  2026-03-01 15:05:35  ubuntu-7050              weekly snapshot   /home/kevin
                                                        monthly snapshot
a8edba8b  2026-03-01 21:12:25  ubuntu-7050              weekly snapshot   /home/kevin
e369a3e5  2026-03-13 02:00:01  ubuntu-7050              daily snapshot    /home/kevin
d3cdbe5d  2026-03-14 02:00:01  ubuntu-7050              daily snapshot    /home/kevin
7ccd09e4  2026-03-15 02:00:01  ubuntu-7050              daily snapshot    /home/kevin
                                                        weekly snapshot
0c0048dc  2026-03-16 02:00:01  ubuntu-7050              daily snapshot    /home/kevin
1ed78f2f  2026-03-18 02:00:01  ubuntu-7050              daily snapshot    /home/kevin
24674331  2026-03-19 02:00:01  ubuntu-7050              daily snapshot    /home/kevin
9ceafee8  2026-03-20 02:00:01  ubuntu-7050              daily snapshot    /home/kevin
                                                        weekly snapshot
                                                        monthly snapshot
-------------------------------------------------------------------------------------
9 snapshots

remove 1 snapshots:
ID        Time                 Host         Tags        Paths
-------------------------------------------------------------------
1e2b5d29  2026-03-12 02:00:01  ubuntu-7050              /home/kevin
-------------------------------------------------------------------
1 snapshots

[0:00] 100.00%  1 / 1 files deleted

1 snapshots have been removed, running prune
loading indexes...
loading all snapshots...
finding data that is still in use for 9 snapshots
[0:00] 100.00%  9 / 9 snapshots

searching used packs...
collecting packs for deletion and repacking
[0:03] 100.00%  1768 / 1768 packs processed


to repack:            56 blobs / 1.107 MiB
this removes:          5 blobs / 6.784 KiB
to delete:             0 blobs / 0 B
total prune:           5 blobs / 6.784 KiB
remaining:        124234 blobs / 28.921 GiB
unused size after prune: 6.513 MiB (0.02% of remaining size)

repacking packs
[0:00] 100.00%  2 / 2 packs repacked

rebuilding index
[0:01] 100.00%  1767 / 1767 packs processed

deleting obsolete index files
[0:00] 100.00%  2 / 2 files deleted

removing 2 old packs
[0:00] 100.00%  2 / 2 files deleted

done
open repository
subprocess ssh: ssh: Could not resolve hostname ugreen.local: Name or service not known
Fatal: unable to open repository at sftp:nas:/backups/ubuntu-7050/home: unable to start the sftp session, error: error receiving version packet from server: read |0: file already closed
subprocess ssh: ssh: Could not resolve hostname ugreen.local: Name or service not known
Fatal: unable to open repository at sftp:nas:/backups/ubuntu-7050/home: unable to start the sftp session, error: error receiving version packet from server: server unexpectedly closed connection: unexpected EOF
open repository
subprocess ssh: ssh: Could not resolve hostname ugreen.local: Name or service not known
Fatal: unable to open repository at sftp:nas:/backups/ubuntu-7050/home: unable to start the sftp session, error: error receiving version packet from server: read |0: file already closed
subprocess ssh: ssh: Could not resolve hostname ugreen.local: Name or service not known
Fatal: unable to open repository at sftp:nas:/backups/ubuntu-7050/home: unable to start the sftp session, error: error receiving version packet from server: server unexpectedly closed connection: unexpected EOF
open repository
subprocess ssh: ssh: Could not resolve hostname ugreen.local: Name or service not known
Fatal: unable to open repository at sftp:nas:/backups/ubuntu-7050/home: unable to start the sftp session, error: error receiving version packet from server: server unexpectedly closed connection: unexpected EOF
subprocess ssh: ssh: Could not resolve hostname ugreen.local: Name or service not known
Fatal: unable to open repository at sftp:nas:/backups/ubuntu-7050/home: unable to start the sftp session, error: error receiving version packet from server: server unexpectedly closed connection: unexpected EOF
open repository
subprocess ssh: ssh: Could not resolve hostname ugreen.local: Name or service not known
Fatal: unable to open repository at sftp:nas:/backups/ubuntu-7050/home: unable to start the sftp session, error: error receiving version packet from server: read |0: file already closed
subprocess ssh: ssh: Could not resolve hostname ugreen.local: Name or service not known
Fatal: unable to open repository at sftp:nas:/backups/ubuntu-7050/home: unable to start the sftp session, error: error receiving version packet from server: server unexpectedly closed connection: unexpected EOF
open repository
lock repository
using parent snapshot 9ceafee8
load index files
start scan on [/home/kevin]
start backup on [/home/kevin]
scan finished in 1.718s: 47568 files, 12.427 GiB

Files:         800 new, 46775 changed,     0 unmodified
Dirs:          130 new,  8936 changed,     0 unmodified
Data Blobs:    926 new
Tree Blobs:   8446 new
Added to the repository: 216.630 MiB (70.311 MiB stored)

processed 47575 files, 12.427 GiB in 0:46
snapshot 7cefe8c8 saved
Applying Policy: keep 7 daily, 4 weekly, 6 monthly snapshots
keep 9 snapshots:
ID        Time                 Host         Tags        Reasons           Paths
-------------------------------------------------------------------------------------
e72d2009  2026-03-01 15:05:35  ubuntu-7050              monthly snapshot  /home/kevin
a8edba8b  2026-03-01 21:12:25  ubuntu-7050              weekly snapshot   /home/kevin
d3cdbe5d  2026-03-14 02:00:01  ubuntu-7050              daily snapshot    /home/kevin
7ccd09e4  2026-03-15 02:00:01  ubuntu-7050              daily snapshot    /home/kevin
                                                        weekly snapshot
0c0048dc  2026-03-16 02:00:01  ubuntu-7050              daily snapshot    /home/kevin
1ed78f2f  2026-03-18 02:00:01  ubuntu-7050              daily snapshot    /home/kevin
24674331  2026-03-19 02:00:01  ubuntu-7050              daily snapshot    /home/kevin
9ceafee8  2026-03-20 02:00:01  ubuntu-7050              daily snapshot    /home/kevin
                                                        weekly snapshot
7cefe8c8  2026-03-24 22:42:50  ubuntu-7050              daily snapshot    /home/kevin
                                                        weekly snapshot
                                                        monthly snapshot
-------------------------------------------------------------------------------------
9 snapshots

remove 1 snapshots:
ID        Time                 Host         Tags        Paths
-------------------------------------------------------------------
e369a3e5  2026-03-13 02:00:01  ubuntu-7050              /home/kevin
-------------------------------------------------------------------
1 snapshots

[0:00] 100.00%  1 / 1 files deleted

1 snapshots have been removed, running prune
loading indexes...
loading all snapshots...
finding data that is still in use for 9 snapshots
[0:01] 100.00%  9 / 9 snapshots

searching used packs...
collecting packs for deletion and repacking
[0:03] 100.00%  1772 / 1772 packs processed


to repack:             0 blobs / 0 B
this removes:          0 blobs / 0 B
to delete:             0 blobs / 0 B
total prune:           0 blobs / 0 B
remaining:        133606 blobs / 28.989 GiB
unused size after prune: 6.513 MiB (0.02% of remaining size)

done
open repository
lock repository
using parent snapshot c279814f
load index files
start scan on [/home/kevin]
start backup on [/home/kevin]
scan finished in 1.760s: 49341 files, 12.527 GiB

Files:        1819 new,   185 changed, 47337 unmodified
Dirs:           21 new,   236 changed,  8828 unmodified
Data Blobs:   2008 new
Tree Blobs:    247 new
Added to the repository: 139.944 MiB (61.795 MiB stored)

processed 49341 files, 12.527 GiB in 0:10
snapshot 5a1ceb40 saved
Applying Policy: keep 7 daily, 4 weekly, 6 monthly snapshots
keep 9 snapshots:
ID        Time                 Host         Tags        Reasons           Paths
-------------------------------------------------------------------------------------
e72d2009  2026-03-01 15:05:35  ubuntu-7050              monthly snapshot  /home/kevin
a8edba8b  2026-03-01 21:12:25  ubuntu-7050              weekly snapshot   /home/kevin
7ccd09e4  2026-03-15 02:00:01  ubuntu-7050              daily snapshot    /home/kevin
                                                        weekly snapshot
0c0048dc  2026-03-16 02:00:01  ubuntu-7050              daily snapshot    /home/kevin
1ed78f2f  2026-03-18 02:00:01  ubuntu-7050              daily snapshot    /home/kevin
24674331  2026-03-19 02:00:01  ubuntu-7050              daily snapshot    /home/kevin
9ceafee8  2026-03-20 02:00:01  ubuntu-7050              daily snapshot    /home/kevin
                                                        weekly snapshot
c279814f  2026-03-24 22:44:03  ubuntu-7050              daily snapshot    /home/kevin
5a1ceb40  2026-03-25 02:00:01  ubuntu-7050              daily snapshot    /home/kevin
                                                        weekly snapshot
                                                        monthly snapshot
-------------------------------------------------------------------------------------
9 snapshots

remove 1 snapshots:
ID        Time                 Host         Tags        Paths
-------------------------------------------------------------------
d3cdbe5d  2026-03-14 02:00:01  ubuntu-7050              /home/kevin
-------------------------------------------------------------------
1 snapshots

[0:00] 100.00%  1 / 1 files deleted

1 snapshots have been removed, running prune
loading indexes...
loading all snapshots...
finding data that is still in use for 9 snapshots
[0:01] 100.00%  9 / 9 snapshots

searching used packs...
collecting packs for deletion and repacking
[0:07] 100.00%  1779 / 1779 packs processed


to repack:             0 blobs / 0 B
this removes:          0 blobs / 0 B
to delete:             0 blobs / 0 B
total prune:           0 blobs / 0 B
remaining:        135885 blobs / 29.051 GiB
unused size after prune: 7.859 MiB (0.03% of remaining size)

done
open repository
lock repository
using parent snapshot 5a1ceb40
load index files
start scan on [/home/kevin]
start backup on [/home/kevin]
scan finished in 1.475s: 49965 files, 12.560 GiB

Files:         649 new,   408 changed, 48908 unmodified
Dirs:           28 new,   114 changed,  8945 unmodified
Data Blobs:   1075 new
Tree Blobs:    130 new
Added to the repository: 107.831 MiB (64.427 MiB stored)

processed 49965 files, 12.560 GiB in 0:07
snapshot 58451e50 saved
Applying Policy: keep 7 daily, 4 weekly, 6 monthly snapshots
keep 10 snapshots:
ID        Time                 Host         Tags        Reasons           Paths
-------------------------------------------------------------------------------------
e72d2009  2026-03-01 15:05:35  ubuntu-7050              monthly snapshot  /home/kevin
a8edba8b  2026-03-01 21:12:25  ubuntu-7050              weekly snapshot   /home/kevin
7ccd09e4  2026-03-15 02:00:01  ubuntu-7050              weekly snapshot   /home/kevin
0c0048dc  2026-03-16 02:00:01  ubuntu-7050              daily snapshot    /home/kevin
1ed78f2f  2026-03-18 02:00:01  ubuntu-7050              daily snapshot    /home/kevin
24674331  2026-03-19 02:00:01  ubuntu-7050              daily snapshot    /home/kevin
9ceafee8  2026-03-20 02:00:01  ubuntu-7050              daily snapshot    /home/kevin
                                                        weekly snapshot
c279814f  2026-03-24 22:44:03  ubuntu-7050              daily snapshot    /home/kevin
5a1ceb40  2026-03-25 02:00:01  ubuntu-7050              daily snapshot    /home/kevin
58451e50  2026-03-26 02:00:01  ubuntu-7050              daily snapshot    /home/kevin
                                                        weekly snapshot
                                                        monthly snapshot
-------------------------------------------------------------------------------------
10 snapshots

open repository
lock repository
using parent snapshot 58451e50
load index files
start scan on [/home/kevin]
start backup on [/home/kevin]
scan finished in 1.453s: 50078 files, 12.575 GiB

Files:         126 new,   305 changed, 49647 unmodified
Dirs:           13 new,    94 changed,  8981 unmodified
Data Blobs:    513 new
Tree Blobs:     98 new
Added to the repository: 166.520 MiB (44.494 MiB stored)

processed 50078 files, 12.575 GiB in 0:09
snapshot 0bb93492 saved
Applying Policy: keep 7 daily, 4 weekly, 6 monthly snapshots
keep 10 snapshots:
ID        Time                 Host         Tags        Reasons           Paths
-------------------------------------------------------------------------------------
e72d2009  2026-03-01 15:05:35  ubuntu-7050              monthly snapshot  /home/kevin
a8edba8b  2026-03-01 21:12:25  ubuntu-7050              weekly snapshot   /home/kevin
7ccd09e4  2026-03-15 02:00:01  ubuntu-7050              weekly snapshot   /home/kevin
1ed78f2f  2026-03-18 02:00:01  ubuntu-7050              daily snapshot    /home/kevin
24674331  2026-03-19 02:00:01  ubuntu-7050              daily snapshot    /home/kevin
9ceafee8  2026-03-20 02:00:01  ubuntu-7050              daily snapshot    /home/kevin
                                                        weekly snapshot
c279814f  2026-03-24 22:44:03  ubuntu-7050              daily snapshot    /home/kevin
5a1ceb40  2026-03-25 02:00:01  ubuntu-7050              daily snapshot    /home/kevin
58451e50  2026-03-26 02:00:01  ubuntu-7050              daily snapshot    /home/kevin
0bb93492  2026-03-27 02:00:01  ubuntu-7050              daily snapshot    /home/kevin
                                                        weekly snapshot
                                                        monthly snapshot
-------------------------------------------------------------------------------------
10 snapshots

remove 1 snapshots:
ID        Time                 Host         Tags        Paths
-------------------------------------------------------------------
0c0048dc  2026-03-16 02:00:01  ubuntu-7050              /home/kevin
-------------------------------------------------------------------
1 snapshots

[0:00] 100.00%  1 / 1 files deleted

1 snapshots have been removed, running prune
loading indexes...
loading all snapshots...
finding data that is still in use for 10 snapshots
[0:01] 100.00%  10 / 10 snapshots

searching used packs...
collecting packs for deletion and repacking
[0:03] 100.00%  1788 / 1788 packs processed


to repack:             0 blobs / 0 B
this removes:          0 blobs / 0 B
to delete:             0 blobs / 0 B
total prune:           0 blobs / 0 B
remaining:        137701 blobs / 29.157 GiB
unused size after prune: 7.859 MiB (0.03% of remaining size)

done
open repository
lock repository
using parent snapshot 0bb93492
load index files
start scan on [/home/kevin]
start backup on [/home/kevin]
scan finished in 1.493s: 50664 files, 12.594 GiB

Files:         600 new,   388 changed, 49676 unmodified
Dirs:            1 new,   139 changed,  8948 unmodified
Data Blobs:   1045 new
Tree Blobs:    130 new
Added to the repository: 145.880 MiB (46.334 MiB stored)

processed 50664 files, 12.594 GiB in 0:08
snapshot 6e6ac469 saved
Applying Policy: keep 7 daily, 4 weekly, 6 monthly snapshots
keep 10 snapshots:
ID        Time                 Host         Tags        Reasons           Paths
-------------------------------------------------------------------------------------
e72d2009  2026-03-01 15:05:35  ubuntu-7050              monthly snapshot  /home/kevin
a8edba8b  2026-03-01 21:12:25  ubuntu-7050              weekly snapshot   /home/kevin
7ccd09e4  2026-03-15 02:00:01  ubuntu-7050              weekly snapshot   /home/kevin
24674331  2026-03-19 02:00:01  ubuntu-7050              daily snapshot    /home/kevin
9ceafee8  2026-03-20 02:00:01  ubuntu-7050              daily snapshot    /home/kevin
                                                        weekly snapshot
c279814f  2026-03-24 22:44:03  ubuntu-7050              daily snapshot    /home/kevin
5a1ceb40  2026-03-25 02:00:01  ubuntu-7050              daily snapshot    /home/kevin
58451e50  2026-03-26 02:00:01  ubuntu-7050              daily snapshot    /home/kevin
0bb93492  2026-03-27 02:00:01  ubuntu-7050              daily snapshot    /home/kevin
6e6ac469  2026-03-28 02:00:02  ubuntu-7050              daily snapshot    /home/kevin
                                                        weekly snapshot
                                                        monthly snapshot
-------------------------------------------------------------------------------------
10 snapshots

remove 1 snapshots:
ID        Time                 Host         Tags        Paths
-------------------------------------------------------------------
1ed78f2f  2026-03-18 02:00:01  ubuntu-7050              /home/kevin
-------------------------------------------------------------------
1 snapshots

[0:00] 100.00%  1 / 1 files deleted

1 snapshots have been removed, running prune
loading indexes...
loading all snapshots...
finding data that is still in use for 10 snapshots
[0:01] 100.00%  10 / 10 snapshots

searching used packs...
collecting packs for deletion and repacking
[0:02] 100.00%  1792 / 1792 packs processed


to repack:           104 blobs / 1.206 MiB
this removes:         23 blobs / 21.896 KiB
to delete:             0 blobs / 0 B
total prune:          23 blobs / 21.896 KiB
remaining:        138853 blobs / 29.202 GiB
unused size after prune: 8.723 MiB (0.03% of remaining size)

repacking packs
[0:00] 100.00%  1 / 1 packs repacked

rebuilding index
[0:01] 100.00%  1792 / 1792 packs processed

deleting obsolete index files
[0:00] 100.00%  5 / 5 files deleted

removing 1 old packs
[0:00] 100.00%  1 / 1 files deleted

done
open repository
lock repository
using parent snapshot 6e6ac469
load index files
start scan on [/home/kevin]
start backup on [/home/kevin]
scan finished in 1.454s: 50977 files, 12.620 GiB

Files:         324 new,   216 changed, 50437 unmodified
Dirs:            2 new,    91 changed,  8997 unmodified
Data Blobs:    562 new
Tree Blobs:     84 new
Added to the repository: 61.421 MiB (18.239 MiB stored)

processed 50977 files, 12.620 GiB in 0:11
snapshot 3080457e saved
Applying Policy: keep 7 daily, 4 weekly, 6 monthly snapshots
keep 10 snapshots:
ID        Time                 Host         Tags        Reasons           Paths
-------------------------------------------------------------------------------------
e72d2009  2026-03-01 15:05:35  ubuntu-7050              monthly snapshot  /home/kevin
a8edba8b  2026-03-01 21:12:25  ubuntu-7050              weekly snapshot   /home/kevin
7ccd09e4  2026-03-15 02:00:01  ubuntu-7050              weekly snapshot   /home/kevin
9ceafee8  2026-03-20 02:00:01  ubuntu-7050              daily snapshot    /home/kevin
                                                        weekly snapshot
c279814f  2026-03-24 22:44:03  ubuntu-7050              daily snapshot    /home/kevin
5a1ceb40  2026-03-25 02:00:01  ubuntu-7050              daily snapshot    /home/kevin
58451e50  2026-03-26 02:00:01  ubuntu-7050              daily snapshot    /home/kevin
0bb93492  2026-03-27 02:00:01  ubuntu-7050              daily snapshot    /home/kevin
6e6ac469  2026-03-28 02:00:02  ubuntu-7050              daily snapshot    /home/kevin
3080457e  2026-03-29 02:00:01  ubuntu-7050              daily snapshot    /home/kevin
                                                        weekly snapshot
                                                        monthly snapshot
-------------------------------------------------------------------------------------
10 snapshots

remove 1 snapshots:
ID        Time                 Host         Tags        Paths
-------------------------------------------------------------------
24674331  2026-03-19 02:00:01  ubuntu-7050              /home/kevin
-------------------------------------------------------------------
1 snapshots

[0:00] 100.00%  1 / 1 files deleted

1 snapshots have been removed, running prune
loading indexes...
loading all snapshots...
finding data that is still in use for 10 snapshots
[0:01] 100.00%  10 / 10 snapshots

searching used packs...
collecting packs for deletion and repacking
[0:03] 100.00%  1795 / 1795 packs processed


to repack:           130 blobs / 1.224 MiB
this removes:         87 blobs / 1.188 MiB
to delete:             0 blobs / 0 B
total prune:          87 blobs / 1.188 MiB
remaining:        139412 blobs / 29.219 GiB
unused size after prune: 47.608 MiB (0.16% of remaining size)

repacking packs
[0:00] 100.00%  2 / 2 packs repacked

rebuilding index
[0:01] 100.00%  1794 / 1794 packs processed

deleting obsolete index files
[0:00] 100.00%  2 / 2 files deleted

removing 2 old packs
[0:00] 100.00%  2 / 2 files deleted

done
open repository
lock repository
using parent snapshot 3080457e
load index files
start scan on [/home/kevin]
start backup on [/home/kevin]
scan finished in 1.424s: 47627 files, 12.672 GiB

Files:        1366 new,   739 changed, 45522 unmodified
Dirs:           91 new,   486 changed,  8298 unmodified
Data Blobs:   1802 new
Tree Blobs:    546 new
Added to the repository: 444.799 MiB (178.322 MiB stored)

processed 47627 files, 12.672 GiB in 0:13
snapshot 3a56e2cf saved
Applying Policy: keep 7 daily, 4 weekly, 6 monthly snapshots
keep 10 snapshots:
ID        Time                 Host         Tags        Reasons           Paths
-------------------------------------------------------------------------------------
e72d2009  2026-03-01 15:05:35  ubuntu-7050              monthly snapshot  /home/kevin
7ccd09e4  2026-03-15 02:00:01  ubuntu-7050              weekly snapshot   /home/kevin
9ceafee8  2026-03-20 02:00:01  ubuntu-7050              weekly snapshot   /home/kevin
c279814f  2026-03-24 22:44:03  ubuntu-7050              daily snapshot    /home/kevin
5a1ceb40  2026-03-25 02:00:01  ubuntu-7050              daily snapshot    /home/kevin
58451e50  2026-03-26 02:00:01  ubuntu-7050              daily snapshot    /home/kevin
0bb93492  2026-03-27 02:00:01  ubuntu-7050              daily snapshot    /home/kevin
6e6ac469  2026-03-28 02:00:02  ubuntu-7050              daily snapshot    /home/kevin
3080457e  2026-03-29 02:00:01  ubuntu-7050              daily snapshot    /home/kevin
                                                        weekly snapshot
3a56e2cf  2026-03-30 02:00:01  ubuntu-7050              daily snapshot    /home/kevin
                                                        weekly snapshot
                                                        monthly snapshot
-------------------------------------------------------------------------------------
10 snapshots

remove 1 snapshots:
ID        Time                 Host         Tags        Paths
-------------------------------------------------------------------
a8edba8b  2026-03-01 21:12:25  ubuntu-7050              /home/kevin
-------------------------------------------------------------------
1 snapshots

[0:00] 100.00%  1 / 1 files deleted

1 snapshots have been removed, running prune
loading indexes...
loading all snapshots...
finding data that is still in use for 10 snapshots
[0:01] 100.00%  10 / 10 snapshots

searching used packs...
collecting packs for deletion and repacking
[0:03] 100.00%  1806 / 1806 packs processed


to repack:           260 blobs / 1.295 MiB
this removes:        180 blobs / 1.236 MiB
to delete:           274 blobs / 16.108 MiB
total prune:         454 blobs / 17.344 MiB
remaining:        141306 blobs / 29.376 GiB
unused size after prune: 60.862 MiB (0.20% of remaining size)

repacking packs
[0:00] 100.00%  1 / 1 packs repacked

rebuilding index
[0:01] 100.00%  1805 / 1805 packs processed

deleting obsolete index files
[0:00] 100.00%  2 / 2 files deleted

removing 2 old packs
[0:00] 100.00%  2 / 2 files deleted

done
open repository
lock repository
using parent snapshot 3a56e2cf
load index files
start scan on [/home/kevin]
start backup on [/home/kevin]
scan finished in 2.149s: 83540 files, 20.278 GiB

Files:       36115 new,   677 changed, 46748 unmodified
Dirs:         5178 new,   576 changed,  8295 unmodified
Data Blobs:  23941 new
Tree Blobs:   5637 new
Added to the repository: 4.326 GiB (1.925 GiB stored)

processed 83540 files, 20.278 GiB in 2:04
snapshot 40419d8c saved
Applying Policy: keep 7 daily, 4 weekly, 6 monthly snapshots
keep 10 snapshots:
ID        Time                 Host         Tags        Reasons           Paths
-------------------------------------------------------------------------------------
e72d2009  2026-03-01 15:05:35  ubuntu-7050              monthly snapshot  /home/kevin
7ccd09e4  2026-03-15 02:00:01  ubuntu-7050              weekly snapshot   /home/kevin
9ceafee8  2026-03-20 02:00:01  ubuntu-7050              weekly snapshot   /home/kevin
5a1ceb40  2026-03-25 02:00:01  ubuntu-7050              daily snapshot    /home/kevin
58451e50  2026-03-26 02:00:01  ubuntu-7050              daily snapshot    /home/kevin
0bb93492  2026-03-27 02:00:01  ubuntu-7050              daily snapshot    /home/kevin
6e6ac469  2026-03-28 02:00:02  ubuntu-7050              daily snapshot    /home/kevin
3080457e  2026-03-29 02:00:01  ubuntu-7050              daily snapshot    /home/kevin
                                                        weekly snapshot
3a56e2cf  2026-03-30 02:00:01  ubuntu-7050              daily snapshot    /home/kevin
40419d8c  2026-03-31 02:00:01  ubuntu-7050              daily snapshot    /home/kevin
                                                        weekly snapshot
                                                        monthly snapshot
-------------------------------------------------------------------------------------
10 snapshots

remove 1 snapshots:
ID        Time                 Host         Tags        Paths
-------------------------------------------------------------------
c279814f  2026-03-24 22:44:03  ubuntu-7050              /home/kevin
-------------------------------------------------------------------
1 snapshots

[0:00] 100.00%  1 / 1 files deleted

1 snapshots have been removed, running prune
loading indexes...
loading all snapshots...
finding data that is still in use for 10 snapshots
[0:01] 100.00%  10 / 10 snapshots

searching used packs...
collecting packs for deletion and repacking
[0:03] 100.00%  1927 / 1927 packs processed


to repack:          8412 blobs / 6.439 MiB
this removes:        195 blobs / 180.684 KiB
to delete:            34 blobs / 79.633 KiB
total prune:         229 blobs / 260.316 KiB
remaining:        170655 blobs / 31.300 GiB
unused size after prune: 70.400 MiB (0.22% of remaining size)

repacking packs
[0:01] 100.00%  1 / 1 packs repacked

rebuilding index
[0:01] 100.00%  1926 / 1926 packs processed

deleting obsolete index files
[0:00] 100.00%  2 / 2 files deleted

removing 2 old packs
[0:00] 100.00%  2 / 2 files deleted

done
open repository
lock repository
using parent snapshot 40419d8c
load index files
start scan on [/home/kevin]
start backup on [/home/kevin]
scan finished in 3.670s: 67218 files, 16.114 GiB

Files:        3338 new,  1577 changed, 62303 unmodified
Dirs:           44 new,   857 changed, 11030 unmodified
Data Blobs:   4589 new
Tree Blobs:    838 new
Added to the repository: 527.559 MiB (239.697 MiB stored)

processed 67218 files, 16.114 GiB in 0:25
snapshot b28ce53d saved
Applying Policy: keep 7 daily, 4 weekly, 6 monthly snapshots
keep 10 snapshots:
ID        Time                 Host         Tags        Reasons           Paths
-------------------------------------------------------------------------------------
e72d2009  2026-03-01 15:05:35  ubuntu-7050              monthly snapshot  /home/kevin
7ccd09e4  2026-03-15 02:00:01  ubuntu-7050              weekly snapshot   /home/kevin
9ceafee8  2026-03-20 02:00:01  ubuntu-7050              weekly snapshot   /home/kevin
58451e50  2026-03-26 02:00:01  ubuntu-7050              daily snapshot    /home/kevin
0bb93492  2026-03-27 02:00:01  ubuntu-7050              daily snapshot    /home/kevin
6e6ac469  2026-03-28 02:00:02  ubuntu-7050              daily snapshot    /home/kevin
3080457e  2026-03-29 02:00:01  ubuntu-7050              daily snapshot    /home/kevin
                                                        weekly snapshot
3a56e2cf  2026-03-30 02:00:01  ubuntu-7050              daily snapshot    /home/kevin
40419d8c  2026-03-31 02:00:01  ubuntu-7050              daily snapshot    /home/kevin
                                                        monthly snapshot
b28ce53d  2026-04-01 02:00:01  ubuntu-7050              daily snapshot    /home/kevin
                                                        weekly snapshot
                                                        monthly snapshot
-------------------------------------------------------------------------------------
10 snapshots

remove 1 snapshots:
ID        Time                 Host         Tags        Paths
-------------------------------------------------------------------
5a1ceb40  2026-03-25 02:00:01  ubuntu-7050              /home/kevin
-------------------------------------------------------------------
1 snapshots

[0:00] 100.00%  1 / 1 files deleted

1 snapshots have been removed, running prune
loading indexes...
loading all snapshots...
finding data that is still in use for 10 snapshots
[0:01] 100.00%  10 / 10 snapshots

searching used packs...
collecting packs for deletion and repacking
[0:02] 100.00%  1942 / 1942 packs processed


to repack:          8464 blobs / 6.674 MiB
this removes:        129 blobs / 336.705 KiB
to delete:             0 blobs / 0 B
total prune:         129 blobs / 336.705 KiB
remaining:        175953 blobs / 31.533 GiB
unused size after prune: 94.278 MiB (0.29% of remaining size)

repacking packs
[0:01] 100.00%  2 / 2 packs repacked

rebuilding index
[0:01] 100.00%  1941 / 1941 packs processed

deleting obsolete index files
[0:00] 100.00%  3 / 3 files deleted

removing 2 old packs
[0:00] 100.00%  2 / 2 files deleted

done
open repository
lock repository
using parent snapshot b28ce53d
load index files
start scan on [/home/kevin]
start backup on [/home/kevin]
scan finished in 1.857s: 71610 files, 16.173 GiB

Files:        4406 new,   383 changed, 66821 unmodified
Dirs:            6 new,   173 changed, 11757 unmodified
Data Blobs:   4762 new
Tree Blobs:    169 new
Added to the repository: 135.868 MiB (73.122 MiB stored)

processed 71610 files, 16.173 GiB in 0:10
snapshot 7afa4743 saved
Applying Policy: keep 7 daily, 4 weekly, 6 monthly snapshots
keep 10 snapshots:
ID        Time                 Host         Tags        Reasons           Paths
-------------------------------------------------------------------------------------
e72d2009  2026-03-01 15:05:35  ubuntu-7050              monthly snapshot  /home/kevin
7ccd09e4  2026-03-15 02:00:01  ubuntu-7050              weekly snapshot   /home/kevin
9ceafee8  2026-03-20 02:00:01  ubuntu-7050              weekly snapshot   /home/kevin
0bb93492  2026-03-27 02:00:01  ubuntu-7050              daily snapshot    /home/kevin
6e6ac469  2026-03-28 02:00:02  ubuntu-7050              daily snapshot    /home/kevin
3080457e  2026-03-29 02:00:01  ubuntu-7050              daily snapshot    /home/kevin
                                                        weekly snapshot
3a56e2cf  2026-03-30 02:00:01  ubuntu-7050              daily snapshot    /home/kevin
40419d8c  2026-03-31 02:00:01  ubuntu-7050              daily snapshot    /home/kevin
                                                        monthly snapshot
b28ce53d  2026-04-01 02:00:01  ubuntu-7050              daily snapshot    /home/kevin
7afa4743  2026-04-02 02:00:01  ubuntu-7050              daily snapshot    /home/kevin
                                                        weekly snapshot
                                                        monthly snapshot
-------------------------------------------------------------------------------------
10 snapshots

remove 1 snapshots:
ID        Time                 Host         Tags        Paths
-------------------------------------------------------------------
58451e50  2026-03-26 02:00:01  ubuntu-7050              /home/kevin
-------------------------------------------------------------------
1 snapshots

[0:00] 100.00%  1 / 1 files deleted

1 snapshots have been removed, running prune
loading indexes...
loading all snapshots...
finding data that is still in use for 10 snapshots
[0:01] 100.00%  10 / 10 snapshots

searching used packs...
collecting packs for deletion and repacking
[0:03] 100.00%  1947 / 1947 packs processed


to repack:          8465 blobs / 6.728 MiB
this removes:         98 blobs / 372.938 KiB
to delete:             0 blobs / 0 B
total prune:          98 blobs / 372.938 KiB
remaining:        180786 blobs / 31.604 GiB
unused size after prune: 134.677 MiB (0.42% of remaining size)

repacking packs
[0:01] 100.00%  2 / 2 packs repacked

rebuilding index
[0:01] 100.00%  1946 / 1946 packs processed

deleting obsolete index files
[0:00] 100.00%  3 / 3 files deleted

removing 2 old packs
[0:00] 100.00%  2 / 2 files deleted

done
open repository
lock repository
using parent snapshot 7afa4743
load index files
start scan on [/home/kevin]
start backup on [/home/kevin]
scan finished in 2.874s: 75416 files, 16.453 GiB

Files:        4375 new,   680 changed, 70361 unmodified
Dirs:           93 new,   174 changed, 11724 unmodified
Data Blobs:   5191 new
Tree Blobs:    228 new
Added to the repository: 455.367 MiB (221.713 MiB stored)

processed 75416 files, 16.453 GiB in 0:21
snapshot c0ef6e4b saved
Applying Policy: keep 7 daily, 4 weekly, 6 monthly snapshots
keep 10 snapshots:
ID        Time                 Host         Tags        Reasons           Paths
-------------------------------------------------------------------------------------
e72d2009  2026-03-01 15:05:35  ubuntu-7050              monthly snapshot  /home/kevin
7ccd09e4  2026-03-15 02:00:01  ubuntu-7050              weekly snapshot   /home/kevin
9ceafee8  2026-03-20 02:00:01  ubuntu-7050              weekly snapshot   /home/kevin
6e6ac469  2026-03-28 02:00:02  ubuntu-7050              daily snapshot    /home/kevin
3080457e  2026-03-29 02:00:01  ubuntu-7050              daily snapshot    /home/kevin
                                                        weekly snapshot
3a56e2cf  2026-03-30 02:00:01  ubuntu-7050              daily snapshot    /home/kevin
40419d8c  2026-03-31 02:00:01  ubuntu-7050              daily snapshot    /home/kevin
                                                        monthly snapshot
b28ce53d  2026-04-01 02:00:01  ubuntu-7050              daily snapshot    /home/kevin
7afa4743  2026-04-02 02:00:01  ubuntu-7050              daily snapshot    /home/kevin
c0ef6e4b  2026-04-03 02:00:01  ubuntu-7050              daily snapshot    /home/kevin
                                                        weekly snapshot
                                                        monthly snapshot
-------------------------------------------------------------------------------------
10 snapshots

remove 1 snapshots:
ID        Time                 Host         Tags        Paths
-------------------------------------------------------------------
0bb93492  2026-03-27 02:00:01  ubuntu-7050              /home/kevin
-------------------------------------------------------------------
1 snapshots

[0:00] 100.00%  1 / 1 files deleted

1 snapshots have been removed, running prune
loading indexes...
loading all snapshots...
finding data that is still in use for 10 snapshots
[0:01] 100.00%  10 / 10 snapshots

searching used packs...
collecting packs for deletion and repacking
[0:03] 100.00%  1961 / 1961 packs processed


to repack:          8465 blobs / 6.737 MiB
this removes:        130 blobs / 402.003 KiB
to delete:             0 blobs / 0 B
total prune:         130 blobs / 402.003 KiB
remaining:        186075 blobs / 31.820 GiB
unused size after prune: 162.045 MiB (0.50% of remaining size)

repacking packs
[0:02] 100.00%  2 / 2 packs repacked

rebuilding index
[0:01] 100.00%  1960 / 1960 packs processed

deleting obsolete index files
[0:00] 100.00%  3 / 3 files deleted

removing 2 old packs
[0:00] 100.00%  2 / 2 files deleted

done
open repository
lock repository
using parent snapshot c0ef6e4b
load index files
start scan on [/home/kevin]
start backup on [/home/kevin]
scan finished in 1.955s: 79869 files, 16.674 GiB

Files:        4515 new,  1116 changed, 74238 unmodified
Dirs:           58 new,   600 changed, 11388 unmodified
Data Blobs:   5429 new
Tree Blobs:    611 new
Added to the repository: 356.082 MiB (215.159 MiB stored)

processed 79869 files, 16.674 GiB in 0:16
snapshot 189e3351 saved
Applying Policy: keep 7 daily, 4 weekly, 6 monthly snapshots
keep 10 snapshots:
ID        Time                 Host         Tags        Reasons           Paths
-------------------------------------------------------------------------------------
e72d2009  2026-03-01 15:05:35  ubuntu-7050              monthly snapshot  /home/kevin
7ccd09e4  2026-03-15 02:00:01  ubuntu-7050              weekly snapshot   /home/kevin
9ceafee8  2026-03-20 02:00:01  ubuntu-7050              weekly snapshot   /home/kevin
3080457e  2026-03-29 02:00:01  ubuntu-7050              daily snapshot    /home/kevin
                                                        weekly snapshot
3a56e2cf  2026-03-30 02:00:01  ubuntu-7050              daily snapshot    /home/kevin
40419d8c  2026-03-31 02:00:01  ubuntu-7050              daily snapshot    /home/kevin
                                                        monthly snapshot
b28ce53d  2026-04-01 02:00:01  ubuntu-7050              daily snapshot    /home/kevin
7afa4743  2026-04-02 02:00:01  ubuntu-7050              daily snapshot    /home/kevin
c0ef6e4b  2026-04-03 02:00:01  ubuntu-7050              daily snapshot    /home/kevin
189e3351  2026-04-04 02:00:01  ubuntu-7050              daily snapshot    /home/kevin
                                                        weekly snapshot
                                                        monthly snapshot
-------------------------------------------------------------------------------------
10 snapshots

remove 1 snapshots:
ID        Time                 Host         Tags        Paths
-------------------------------------------------------------------
6e6ac469  2026-03-28 02:00:02  ubuntu-7050              /home/kevin
-------------------------------------------------------------------
1 snapshots

[0:00] 100.00%  1 / 1 files deleted

1 snapshots have been removed, running prune
loading indexes...
loading all snapshots...
finding data that is still in use for 10 snapshots
[0:01] 100.00%  10 / 10 snapshots

searching used packs...
collecting packs for deletion and repacking
[0:03] 100.00%  1975 / 1975 packs processed


to repack:          8465 blobs / 6.786 MiB
this removes:         83 blobs / 419.396 KiB
to delete:             0 blobs / 0 B
total prune:          83 blobs / 419.396 KiB
remaining:        192032 blobs / 32.030 GiB
unused size after prune: 171.300 MiB (0.52% of remaining size)

repacking packs
[0:01] 100.00%  2 / 2 packs repacked

rebuilding index
[0:01] 100.00%  1974 / 1974 packs processed

deleting obsolete index files
[0:00] 100.00%  3 / 3 files deleted

removing 2 old packs
[0:00] 100.00%  2 / 2 files deleted

done
open repository
lock repository
using parent snapshot 189e3351
load index files
start scan on [/home/kevin]
start backup on [/home/kevin]
scan finished in 1.890s: 72775 files, 16.904 GiB

Files:        6642 new,  2095 changed, 64038 unmodified
Dirs:          190 new,   475 changed, 11554 unmodified
Data Blobs:   8945 new
Tree Blobs:    585 new
Added to the repository: 985.864 MiB (528.843 MiB stored)

processed 72775 files, 16.904 GiB in 0:35
snapshot 34c25f5f saved
Applying Policy: keep 7 daily, 4 weekly, 6 monthly snapshots
keep 11 snapshots:
ID        Time                 Host         Tags        Reasons           Paths
-------------------------------------------------------------------------------------
e72d2009  2026-03-01 15:05:35  ubuntu-7050              monthly snapshot  /home/kevin
7ccd09e4  2026-03-15 02:00:01  ubuntu-7050              weekly snapshot   /home/kevin
9ceafee8  2026-03-20 02:00:01  ubuntu-7050              weekly snapshot   /home/kevin
3080457e  2026-03-29 02:00:01  ubuntu-7050              weekly snapshot   /home/kevin
3a56e2cf  2026-03-30 02:00:01  ubuntu-7050              daily snapshot    /home/kevin
40419d8c  2026-03-31 02:00:01  ubuntu-7050              daily snapshot    /home/kevin
                                                        monthly snapshot
b28ce53d  2026-04-01 02:00:01  ubuntu-7050              daily snapshot    /home/kevin
7afa4743  2026-04-02 02:00:01  ubuntu-7050              daily snapshot    /home/kevin
c0ef6e4b  2026-04-03 02:00:01  ubuntu-7050              daily snapshot    /home/kevin
189e3351  2026-04-04 02:00:01  ubuntu-7050              daily snapshot    /home/kevin
34c25f5f  2026-04-05 02:00:01  ubuntu-7050              daily snapshot    /home/kevin
                                                        weekly snapshot
                                                        monthly snapshot
-------------------------------------------------------------------------------------
11 snapshots

open repository
lock repository
using parent snapshot 34c25f5f
load index files
start scan on [/home/kevin]
start backup on [/home/kevin]
scan finished in 3.540s: 70792 files, 16.942 GiB

Files:        1851 new,  1112 changed, 67829 unmodified
Dirs:           23 new,   150 changed, 12063 unmodified
Data Blobs:   2979 new
Tree Blobs:    148 new
Added to the repository: 380.633 MiB (190.952 MiB stored)

processed 70792 files, 16.942 GiB in 0:19
snapshot 442fe6f8 saved
Applying Policy: keep 7 daily, 4 weekly, 6 monthly snapshots
keep 10 snapshots:
ID        Time                 Host         Tags        Reasons           Paths
-------------------------------------------------------------------------------------
e72d2009  2026-03-01 15:05:35  ubuntu-7050              monthly snapshot  /home/kevin
9ceafee8  2026-03-20 02:00:01  ubuntu-7050              weekly snapshot   /home/kevin
3080457e  2026-03-29 02:00:01  ubuntu-7050              weekly snapshot   /home/kevin
40419d8c  2026-03-31 02:00:01  ubuntu-7050              daily snapshot    /home/kevin
                                                        monthly snapshot
b28ce53d  2026-04-01 02:00:01  ubuntu-7050              daily snapshot    /home/kevin
7afa4743  2026-04-02 02:00:01  ubuntu-7050              daily snapshot    /home/kevin
c0ef6e4b  2026-04-03 02:00:01  ubuntu-7050              daily snapshot    /home/kevin
189e3351  2026-04-04 02:00:01  ubuntu-7050              daily snapshot    /home/kevin
34c25f5f  2026-04-05 02:00:01  ubuntu-7050              daily snapshot    /home/kevin
                                                        weekly snapshot
442fe6f8  2026-04-06 02:00:01  ubuntu-7050              daily snapshot    /home/kevin
                                                        weekly snapshot
                                                        monthly snapshot
-------------------------------------------------------------------------------------
10 snapshots

remove 2 snapshots:
ID        Time                 Host         Tags        Paths
-------------------------------------------------------------------
7ccd09e4  2026-03-15 02:00:01  ubuntu-7050              /home/kevin
3a56e2cf  2026-03-30 02:00:01  ubuntu-7050              /home/kevin
-------------------------------------------------------------------
2 snapshots

[0:00] 100.00%  2 / 2 files deleted

2 snapshots have been removed, running prune
loading indexes...
loading all snapshots...
finding data that is still in use for 10 snapshots
[0:02] 100.00%  10 / 10 snapshots

searching used packs...
collecting packs for deletion and repacking
[0:03] 100.00%  2021 / 2021 packs processed


to repack:          2371 blobs / 2.122 MiB
this removes:        323 blobs / 524.884 KiB
to delete:            73 blobs / 1.822 MiB
total prune:         396 blobs / 2.335 MiB
remaining:        204293 blobs / 32.730 GiB
unused size after prune: 784.890 MiB (2.34% of remaining size)

repacking packs
[0:00] 100.00%  4 / 4 packs repacked

rebuilding index
[0:01] 100.00%  2016 / 2016 packs processed

deleting obsolete index files
[0:00] 100.00%  4 / 4 files deleted

removing 6 old packs
[0:00] 100.00%  6 / 6 files deleted

done
open repository
lock repository
using parent snapshot 442fe6f8
load index files
start scan on [/home/kevin]
start backup on [/home/kevin]
scan finished in 3.095s: 76172 files, 16.678 GiB

Files:       11142 new,  1757 changed, 63273 unmodified
Dirs:          293 new,   264 changed, 11725 unmodified
Data Blobs:  13029 new
Tree Blobs:    491 new
Added to the repository: 824.330 MiB (446.582 MiB stored)

processed 76172 files, 16.678 GiB in 0:31
snapshot 49c7376d saved
Applying Policy: keep 7 daily, 4 weekly, 6 monthly snapshots
keep 11 snapshots:
ID        Time                 Host         Tags        Reasons           Paths
-------------------------------------------------------------------------------------
e72d2009  2026-03-01 15:05:35  ubuntu-7050              monthly snapshot  /home/kevin
9ceafee8  2026-03-20 02:00:01  ubuntu-7050              weekly snapshot   /home/kevin
3080457e  2026-03-29 02:00:01  ubuntu-7050              weekly snapshot   /home/kevin
40419d8c  2026-03-31 02:00:01  ubuntu-7050              monthly snapshot  /home/kevin
b28ce53d  2026-04-01 02:00:01  ubuntu-7050              daily snapshot    /home/kevin
7afa4743  2026-04-02 02:00:01  ubuntu-7050              daily snapshot    /home/kevin
c0ef6e4b  2026-04-03 02:00:01  ubuntu-7050              daily snapshot    /home/kevin
189e3351  2026-04-04 02:00:01  ubuntu-7050              daily snapshot    /home/kevin
34c25f5f  2026-04-05 02:00:01  ubuntu-7050              daily snapshot    /home/kevin
                                                        weekly snapshot
442fe6f8  2026-04-06 02:00:01  ubuntu-7050              daily snapshot    /home/kevin
49c7376d  2026-04-07 02:00:01  ubuntu-7050              daily snapshot    /home/kevin
                                                        weekly snapshot
                                                        monthly snapshot
-------------------------------------------------------------------------------------
11 snapshots

open repository
lock repository
using parent snapshot 49c7376d
load index files
start scan on [/home/kevin]
start backup on [/home/kevin]
scan finished in 3.160s: 64271 files, 15.950 GiB

Files:         680 new,   549 changed, 63042 unmodified
Dirs:           36 new,   213 changed, 11566 unmodified
Data Blobs:   1350 new
Tree Blobs:    219 new
Added to the repository: 341.791 MiB (143.022 MiB stored)

processed 64271 files, 15.950 GiB in 0:10
snapshot 7def7ca6 saved
Applying Policy: keep 7 daily, 4 weekly, 6 monthly snapshots
keep 11 snapshots:
ID        Time                 Host         Tags        Reasons           Paths
-------------------------------------------------------------------------------------
e72d2009  2026-03-01 15:05:35  ubuntu-7050              monthly snapshot  /home/kevin
9ceafee8  2026-03-20 02:00:01  ubuntu-7050              weekly snapshot   /home/kevin
3080457e  2026-03-29 02:00:01  ubuntu-7050              weekly snapshot   /home/kevin
40419d8c  2026-03-31 02:00:01  ubuntu-7050              monthly snapshot  /home/kevin
7afa4743  2026-04-02 02:00:01  ubuntu-7050              daily snapshot    /home/kevin
c0ef6e4b  2026-04-03 02:00:01  ubuntu-7050              daily snapshot    /home/kevin
189e3351  2026-04-04 02:00:01  ubuntu-7050              daily snapshot    /home/kevin
34c25f5f  2026-04-05 02:00:01  ubuntu-7050              daily snapshot    /home/kevin
                                                        weekly snapshot
442fe6f8  2026-04-06 02:00:01  ubuntu-7050              daily snapshot    /home/kevin
49c7376d  2026-04-07 02:00:01  ubuntu-7050              daily snapshot    /home/kevin
7def7ca6  2026-04-08 02:00:02  ubuntu-7050              daily snapshot    /home/kevin
                                                        weekly snapshot
                                                        monthly snapshot
-------------------------------------------------------------------------------------
11 snapshots

remove 1 snapshots:
ID        Time                 Host         Tags        Paths
-------------------------------------------------------------------
b28ce53d  2026-04-01 02:00:01  ubuntu-7050              /home/kevin
-------------------------------------------------------------------
1 snapshots

[0:00] 100.00%  1 / 1 files deleted

1 snapshots have been removed, running prune
loading indexes...
loading all snapshots...
finding data that is still in use for 11 snapshots
[0:01] 100.00%  11 / 11 snapshots

searching used packs...
collecting packs for deletion and repacking
[0:03] 100.00%  2055 / 2055 packs processed


to repack:           838 blobs / 1.042 MiB
this removes:        104 blobs / 434.359 KiB
to delete:             0 blobs / 0 B
total prune:         104 blobs / 434.359 KiB
remaining:        219278 blobs / 33.305 GiB
unused size after prune: 801.928 MiB (2.35% of remaining size)

repacking packs
[0:00] 100.00%  1 / 1 packs repacked

rebuilding index
[0:01] 100.00%  2055 / 2055 packs processed

deleting obsolete index files
[0:00] 100.00%  4 / 4 files deleted

removing 1 old packs
[0:00] 100.00%  1 / 1 files deleted

done
open repository
lock repository
using parent snapshot 7def7ca6
load index files
start scan on [/home/kevin]
start backup on [/home/kevin]
scan finished in 1.848s: 64306 files, 15.989 GiB

Files:         618 new,   439 changed, 63249 unmodified
Dirs:           35 new,   170 changed, 11612 unmodified
Data Blobs:   1178 new
Tree Blobs:    178 new
Added to the repository: 251.053 MiB (64.036 MiB stored)

processed 64306 files, 15.989 GiB in 0:12
snapshot c84408ce saved
Applying Policy: keep 7 daily, 4 weekly, 6 monthly snapshots
keep 11 snapshots:
ID        Time                 Host         Tags        Reasons           Paths
-------------------------------------------------------------------------------------
e72d2009  2026-03-01 15:05:35  ubuntu-7050              monthly snapshot  /home/kevin
9ceafee8  2026-03-20 02:00:01  ubuntu-7050              weekly snapshot   /home/kevin
3080457e  2026-03-29 02:00:01  ubuntu-7050              weekly snapshot   /home/kevin
40419d8c  2026-03-31 02:00:01  ubuntu-7050              monthly snapshot  /home/kevin
c0ef6e4b  2026-04-03 02:00:01  ubuntu-7050              daily snapshot    /home/kevin
189e3351  2026-04-04 02:00:01  ubuntu-7050              daily snapshot    /home/kevin
34c25f5f  2026-04-05 02:00:01  ubuntu-7050              daily snapshot    /home/kevin
                                                        weekly snapshot
442fe6f8  2026-04-06 02:00:01  ubuntu-7050              daily snapshot    /home/kevin
49c7376d  2026-04-07 02:00:01  ubuntu-7050              daily snapshot    /home/kevin
7def7ca6  2026-04-08 02:00:02  ubuntu-7050              daily snapshot    /home/kevin
c84408ce  2026-04-09 02:00:01  ubuntu-7050              daily snapshot    /home/kevin
                                                        weekly snapshot
                                                        monthly snapshot
-------------------------------------------------------------------------------------
11 snapshots

remove 1 snapshots:
ID        Time                 Host         Tags        Paths
-------------------------------------------------------------------
7afa4743  2026-04-02 02:00:01  ubuntu-7050              /home/kevin
-------------------------------------------------------------------
1 snapshots

[0:00] 100.00%  1 / 1 files deleted

1 snapshots have been removed, running prune
loading indexes...
loading all snapshots...
finding data that is still in use for 11 snapshots
[0:01] 100.00%  11 / 11 snapshots

searching used packs...
collecting packs for deletion and repacking
[0:03] 100.00%  2060 / 2060 packs processed


to repack:           903 blobs / 1.462 MiB
this removes:        148 blobs / 857.849 KiB
to delete:             0 blobs / 0 B
total prune:         148 blobs / 857.849 KiB
remaining:        220486 blobs / 33.366 GiB
unused size after prune: 845.578 MiB (2.47% of remaining size)

repacking packs
[0:00] 100.00%  2 / 2 packs repacked

rebuilding index
[0:01] 100.00%  2059 / 2059 packs processed

deleting obsolete index files
[0:00] 100.00%  3 / 3 files deleted

removing 2 old packs
[0:00] 100.00%  2 / 2 files deleted

done
open repository
lock repository
using parent snapshot c84408ce
load index files
start scan on [/home/kevin]
start backup on [/home/kevin]
scan finished in 1.816s: 68559 files, 16.305 GiB

Files:        4390 new,   260 changed, 63909 unmodified
Dirs:           96 new,   135 changed, 11670 unmodified
Data Blobs:   4680 new
Tree Blobs:    186 new
Added to the repository: 369.974 MiB (164.422 MiB stored)

processed 68559 files, 16.305 GiB in 0:19
snapshot bf8736e5 saved
Applying Policy: keep 7 daily, 4 weekly, 6 monthly snapshots
keep 11 snapshots:
ID        Time                 Host         Tags        Reasons           Paths
-------------------------------------------------------------------------------------
e72d2009  2026-03-01 15:05:35  ubuntu-7050              monthly snapshot  /home/kevin
9ceafee8  2026-03-20 02:00:01  ubuntu-7050              weekly snapshot   /home/kevin
3080457e  2026-03-29 02:00:01  ubuntu-7050              weekly snapshot   /home/kevin
40419d8c  2026-03-31 02:00:01  ubuntu-7050              monthly snapshot  /home/kevin
189e3351  2026-04-04 02:00:01  ubuntu-7050              daily snapshot    /home/kevin
34c25f5f  2026-04-05 02:00:01  ubuntu-7050              daily snapshot    /home/kevin
                                                        weekly snapshot
442fe6f8  2026-04-06 02:00:01  ubuntu-7050              daily snapshot    /home/kevin
49c7376d  2026-04-07 02:00:01  ubuntu-7050              daily snapshot    /home/kevin
7def7ca6  2026-04-08 02:00:02  ubuntu-7050              daily snapshot    /home/kevin
c84408ce  2026-04-09 02:00:01  ubuntu-7050              daily snapshot    /home/kevin
bf8736e5  2026-04-10 02:00:01  ubuntu-7050              daily snapshot    /home/kevin
                                                        weekly snapshot
                                                        monthly snapshot
-------------------------------------------------------------------------------------
11 snapshots

remove 1 snapshots:
ID        Time                 Host         Tags        Paths
-------------------------------------------------------------------
c0ef6e4b  2026-04-03 02:00:01  ubuntu-7050              /home/kevin
-------------------------------------------------------------------
1 snapshots

[0:00] 100.00%  1 / 1 files deleted

1 snapshots have been removed, running prune
loading indexes...
loading all snapshots...
finding data that is still in use for 11 snapshots
[0:01] 100.00%  11 / 11 snapshots

searching used packs...
collecting packs for deletion and repacking
[0:03] 100.00%  2071 / 2071 packs processed


to repack:           983 blobs / 1.883 MiB
this removes:        327 blobs / 1.420 MiB
to delete:             0 blobs / 0 B
total prune:         327 blobs / 1.420 MiB
remaining:        225025 blobs / 33.525 GiB
unused size after prune: 898.761 MiB (2.62% of remaining size)

repacking packs
[0:00] 100.00%  2 / 2 packs repacked

rebuilding index
[0:01] 100.00%  2070 / 2070 packs processed

deleting obsolete index files
[0:00] 100.00%  3 / 3 files deleted

removing 2 old packs
[0:00] 100.00%  2 / 2 files deleted

done
open repository
lock repository
using parent snapshot bf8736e5
load index files
start scan on [/home/kevin]
start backup on [/home/kevin]
scan finished in 1.946s: 74597 files, 17.108 GiB

Files:        8820 new,  1104 changed, 64673 unmodified
Dirs:          263 new,   408 changed, 11222 unmodified
Data Blobs:   9980 new
Tree Blobs:    602 new
Added to the repository: 1021.555 MiB (455.990 MiB stored)

processed 74597 files, 17.108 GiB in 0:31
snapshot 0e64bc47 saved
Applying Policy: keep 7 daily, 4 weekly, 6 monthly snapshots
keep 11 snapshots:
ID        Time                 Host         Tags        Reasons           Paths
-------------------------------------------------------------------------------------
e72d2009  2026-03-01 15:05:35  ubuntu-7050              monthly snapshot  /home/kevin
9ceafee8  2026-03-20 02:00:01  ubuntu-7050              weekly snapshot   /home/kevin
3080457e  2026-03-29 02:00:01  ubuntu-7050              weekly snapshot   /home/kevin
40419d8c  2026-03-31 02:00:01  ubuntu-7050              monthly snapshot  /home/kevin
34c25f5f  2026-04-05 02:00:01  ubuntu-7050              daily snapshot    /home/kevin
                                                        weekly snapshot
442fe6f8  2026-04-06 02:00:01  ubuntu-7050              daily snapshot    /home/kevin
49c7376d  2026-04-07 02:00:01  ubuntu-7050              daily snapshot    /home/kevin
7def7ca6  2026-04-08 02:00:02  ubuntu-7050              daily snapshot    /home/kevin
c84408ce  2026-04-09 02:00:01  ubuntu-7050              daily snapshot    /home/kevin
bf8736e5  2026-04-10 02:00:01  ubuntu-7050              daily snapshot    /home/kevin
0e64bc47  2026-04-11 02:00:01  ubuntu-7050              daily snapshot    /home/kevin
                                                        weekly snapshot
                                                        monthly snapshot
-------------------------------------------------------------------------------------
11 snapshots

remove 1 snapshots:
ID        Time                 Host         Tags        Paths
-------------------------------------------------------------------
189e3351  2026-04-04 02:00:01  ubuntu-7050              /home/kevin
-------------------------------------------------------------------
1 snapshots

[0:00] 100.00%  1 / 1 files deleted

1 snapshots have been removed, running prune
loading indexes...
loading all snapshots...
finding data that is still in use for 11 snapshots
[0:01] 100.00%  11 / 11 snapshots

searching used packs...
collecting packs for deletion and repacking
[0:02] 100.00%  2099 / 2099 packs processed


to repack:          1267 blobs / 2.444 MiB
this removes:        350 blobs / 1.794 MiB
to delete:             0 blobs / 0 B
total prune:         350 blobs / 1.794 MiB
remaining:        235257 blobs / 33.968 GiB
unused size after prune: 1.338 GiB (3.94% of remaining size)

repacking packs
[0:00] 100.00%  2 / 2 packs repacked

rebuilding index
[0:01] 100.00%  2098 / 2098 packs processed

deleting obsolete index files
[0:00] 100.00%  3 / 3 files deleted

removing 2 old packs
[0:00] 100.00%  2 / 2 files deleted

done
open repository
lock repository
using parent snapshot 0e64bc47
load index files
start scan on [/home/kevin]
start backup on [/home/kevin]
scan finished in 2.008s: 72442 files, 17.108 GiB

Files:        1460 new,   331 changed, 70651 unmodified
Dirs:          129 new,   105 changed, 11772 unmodified
Data Blobs:   1713 new
Tree Blobs:    208 new
Added to the repository: 246.980 MiB (81.937 MiB stored)

processed 72442 files, 17.108 GiB in 0:10
snapshot d2ed3153 saved
Applying Policy: keep 7 daily, 4 weekly, 6 monthly snapshots
keep 12 snapshots:
ID        Time                 Host         Tags        Reasons           Paths
-------------------------------------------------------------------------------------
e72d2009  2026-03-01 15:05:35  ubuntu-7050              monthly snapshot  /home/kevin
9ceafee8  2026-03-20 02:00:01  ubuntu-7050              weekly snapshot   /home/kevin
3080457e  2026-03-29 02:00:01  ubuntu-7050              weekly snapshot   /home/kevin
40419d8c  2026-03-31 02:00:01  ubuntu-7050              monthly snapshot  /home/kevin
34c25f5f  2026-04-05 02:00:01  ubuntu-7050              weekly snapshot   /home/kevin
442fe6f8  2026-04-06 02:00:01  ubuntu-7050              daily snapshot    /home/kevin
49c7376d  2026-04-07 02:00:01  ubuntu-7050              daily snapshot    /home/kevin
7def7ca6  2026-04-08 02:00:02  ubuntu-7050              daily snapshot    /home/kevin
c84408ce  2026-04-09 02:00:01  ubuntu-7050              daily snapshot    /home/kevin
bf8736e5  2026-04-10 02:00:01  ubuntu-7050              daily snapshot    /home/kevin
0e64bc47  2026-04-11 02:00:01  ubuntu-7050              daily snapshot    /home/kevin
d2ed3153  2026-04-12 02:00:01  ubuntu-7050              daily snapshot    /home/kevin
                                                        weekly snapshot
                                                        monthly snapshot
-------------------------------------------------------------------------------------
12 snapshots

open repository
lock repository
using parent snapshot d2ed3153
load index files
start scan on [/home/kevin]
start backup on [/home/kevin]
scan finished in 1.874s: 72494 files, 17.126 GiB

Files:        2284 new,   749 changed, 69461 unmodified
Dirs:           80 new,   185 changed, 11816 unmodified
Data Blobs:   3019 new
Tree Blobs:    233 new
Added to the repository: 370.199 MiB (132.234 MiB stored)

processed 72494 files, 17.126 GiB in 0:13
snapshot e5a2e1a7 saved
Applying Policy: keep 7 daily, 4 weekly, 6 monthly snapshots
keep 11 snapshots:
ID        Time                 Host         Tags        Reasons           Paths
-------------------------------------------------------------------------------------
e72d2009  2026-03-01 15:05:35  ubuntu-7050              monthly snapshot  /home/kevin
3080457e  2026-03-29 02:00:01  ubuntu-7050              weekly snapshot   /home/kevin
40419d8c  2026-03-31 02:00:01  ubuntu-7050              monthly snapshot  /home/kevin
34c25f5f  2026-04-05 02:00:01  ubuntu-7050              weekly snapshot   /home/kevin
49c7376d  2026-04-07 02:00:01  ubuntu-7050              daily snapshot    /home/kevin
7def7ca6  2026-04-08 02:00:02  ubuntu-7050              daily snapshot    /home/kevin
c84408ce  2026-04-09 02:00:01  ubuntu-7050              daily snapshot    /home/kevin
bf8736e5  2026-04-10 02:00:01  ubuntu-7050              daily snapshot    /home/kevin
0e64bc47  2026-04-11 02:00:01  ubuntu-7050              daily snapshot    /home/kevin
d2ed3153  2026-04-12 02:00:01  ubuntu-7050              daily snapshot    /home/kevin
                                                        weekly snapshot
e5a2e1a7  2026-04-13 02:00:01  ubuntu-7050              daily snapshot    /home/kevin
                                                        weekly snapshot
                                                        monthly snapshot
-------------------------------------------------------------------------------------
11 snapshots

remove 2 snapshots:
ID        Time                 Host         Tags        Paths
-------------------------------------------------------------------
9ceafee8  2026-03-20 02:00:01  ubuntu-7050              /home/kevin
442fe6f8  2026-04-06 02:00:01  ubuntu-7050              /home/kevin
-------------------------------------------------------------------
2 snapshots

[0:00] 100.00%  2 / 2 files deleted

2 snapshots have been removed, running prune
loading indexes...
loading all snapshots...
finding data that is still in use for 11 snapshots
[0:01] 100.00%  11 / 11 snapshots

searching used packs...
collecting packs for deletion and repacking
[0:03] 100.00%  2114 / 2114 packs processed


to repack:          2196 blobs / 2.342 MiB
this removes:       1789 blobs / 1.964 MiB
to delete:         21758 blobs / 1.097 GiB
total prune:       23547 blobs / 1.099 GiB
remaining:        216883 blobs / 33.078 GiB
unused size after prune: 1.125 GiB (3.40% of remaining size)

repacking packs
[0:00] 100.00%  2 / 2 packs repacked

rebuilding index
[0:01] 100.00%  2042 / 2042 packs processed

deleting obsolete index files
[0:00] 100.00%  4 / 4 files deleted

removing 73 old packs
[0:00] 100.00%  73 / 73 files deleted

done
open repository
lock repository
using parent snapshot e5a2e1a7
load index files
start scan on [/home/kevin]
start backup on [/home/kevin]
scan finished in 3.406s: 69514 files, 16.964 GiB

Files:        6382 new,  1315 changed, 61817 unmodified
Dirs:          205 new,   745 changed, 10955 unmodified
Data Blobs:   7688 new
Tree Blobs:    831 new
Added to the repository: 963.752 MiB (591.173 MiB stored)

processed 69514 files, 16.964 GiB in 0:51
snapshot 4242a11b saved
Applying Policy: keep 7 daily, 4 weekly, 6 monthly snapshots
keep 11 snapshots:
ID        Time                 Host         Tags        Reasons           Paths
-------------------------------------------------------------------------------------
e72d2009  2026-03-01 15:05:35  ubuntu-7050              monthly snapshot  /home/kevin
3080457e  2026-03-29 02:00:01  ubuntu-7050              weekly snapshot   /home/kevin
40419d8c  2026-03-31 02:00:01  ubuntu-7050              monthly snapshot  /home/kevin
34c25f5f  2026-04-05 02:00:01  ubuntu-7050              weekly snapshot   /home/kevin
7def7ca6  2026-04-08 02:00:02  ubuntu-7050              daily snapshot    /home/kevin
c84408ce  2026-04-09 02:00:01  ubuntu-7050              daily snapshot    /home/kevin
bf8736e5  2026-04-10 02:00:01  ubuntu-7050              daily snapshot    /home/kevin
0e64bc47  2026-04-11 02:00:01  ubuntu-7050              daily snapshot    /home/kevin
d2ed3153  2026-04-12 02:00:01  ubuntu-7050              daily snapshot    /home/kevin
                                                        weekly snapshot
e5a2e1a7  2026-04-13 02:00:01  ubuntu-7050              daily snapshot    /home/kevin
4242a11b  2026-04-14 02:00:01  ubuntu-7050              daily snapshot    /home/kevin
                                                        weekly snapshot
                                                        monthly snapshot
-------------------------------------------------------------------------------------
11 snapshots

remove 1 snapshots:
ID        Time                 Host         Tags        Paths
-------------------------------------------------------------------
49c7376d  2026-04-07 02:00:01  ubuntu-7050              /home/kevin
-------------------------------------------------------------------
1 snapshots

[0:00] 100.00%  1 / 1 files deleted

1 snapshots have been removed, running prune
loading indexes...
loading all snapshots...
finding data that is still in use for 11 snapshots
[0:01] 100.00%  11 / 11 snapshots

searching used packs...
collecting packs for deletion and repacking
[0:03] 100.00%  2079 / 2079 packs processed


to repack:           898 blobs / 1.726 MiB
this removes:        348 blobs / 1.336 MiB
to delete:         10812 blobs / 376.339 MiB
total prune:       11160 blobs / 377.675 MiB
remaining:        214242 blobs / 33.286 GiB
unused size after prune: 1.188 GiB (3.57% of remaining size)

repacking packs
[0:00] 100.00%  2 / 2 packs repacked

rebuilding index
[0:01] 100.00%  2055 / 2055 packs processed

deleting obsolete index files
[0:00] 100.00%  3 / 3 files deleted

removing 25 old packs
[0:00] 100.00%  25 / 25 files deleted

done
open repository
lock repository
using parent snapshot 4242a11b
load index files
start scan on [/home/kevin]
start backup on [/home/kevin]
scan finished in 3.680s: 76642 files, 17.127 GiB

Files:        7235 new,  1221 changed, 68186 unmodified
Dirs:          219 new,   356 changed, 11541 unmodified
Data Blobs:   8690 new
Tree Blobs:    460 new
Added to the repository: 924.622 MiB (560.326 MiB stored)

processed 76642 files, 17.127 GiB in 0:37
snapshot da7ffef1 saved
Applying Policy: keep 7 daily, 4 weekly, 6 monthly snapshots
keep 11 snapshots:
ID        Time                 Host         Tags        Reasons           Paths
-------------------------------------------------------------------------------------
e72d2009  2026-03-01 15:05:35  ubuntu-7050              monthly snapshot  /home/kevin
3080457e  2026-03-29 02:00:01  ubuntu-7050              weekly snapshot   /home/kevin
40419d8c  2026-03-31 02:00:01  ubuntu-7050              monthly snapshot  /home/kevin
34c25f5f  2026-04-05 02:00:01  ubuntu-7050              weekly snapshot   /home/kevin
c84408ce  2026-04-09 02:00:01  ubuntu-7050              daily snapshot    /home/kevin
bf8736e5  2026-04-10 02:00:01  ubuntu-7050              daily snapshot    /home/kevin
0e64bc47  2026-04-11 02:00:01  ubuntu-7050              daily snapshot    /home/kevin
d2ed3153  2026-04-12 02:00:01  ubuntu-7050              daily snapshot    /home/kevin
                                                        weekly snapshot
e5a2e1a7  2026-04-13 02:00:01  ubuntu-7050              daily snapshot    /home/kevin
4242a11b  2026-04-14 02:00:01  ubuntu-7050              daily snapshot    /home/kevin
da7ffef1  2026-04-15 02:00:01  ubuntu-7050              daily snapshot    /home/kevin
                                                        weekly snapshot
                                                        monthly snapshot
-------------------------------------------------------------------------------------
11 snapshots

remove 1 snapshots:
ID        Time                 Host         Tags        Paths
-------------------------------------------------------------------
7def7ca6  2026-04-08 02:00:02  ubuntu-7050              /home/kevin
-------------------------------------------------------------------
1 snapshots

[0:00] 100.00%  1 / 1 files deleted

1 snapshots have been removed, running prune
loading indexes...
loading all snapshots...
finding data that is still in use for 11 snapshots
[0:01] 100.00%  11 / 11 snapshots

searching used packs...
collecting packs for deletion and repacking
[0:03] 100.00%  2091 / 2091 packs processed


to repack:           769 blobs / 756.929 KiB
this removes:        162 blobs / 305.200 KiB
to delete:           365 blobs / 16.206 MiB
total prune:         527 blobs / 16.504 MiB
remaining:        222865 blobs / 33.817 GiB
unused size after prune: 1.234 GiB (3.65% of remaining size)

repacking packs
[0:00] 100.00%  2 / 2 packs repacked

rebuilding index
[0:01] 100.00%  2089 / 2089 packs processed

deleting obsolete index files
[0:00] 100.00%  3 / 3 files deleted

removing 3 old packs
[0:00] 100.00%  3 / 3 files deleted

done
open repository
lock repository
using parent snapshot da7ffef1
load index files
start scan on [/home/kevin]
start backup on [/home/kevin]
scan finished in 2.503s: 72556 files, 17.405 GiB

Files:       10114 new,   991 changed, 61451 unmodified
Dirs:          525 new,   257 changed, 11096 unmodified
Data Blobs:  11316 new
Tree Blobs:    648 new
Added to the repository: 1.465 GiB (968.956 MiB stored)

processed 72556 files, 17.405 GiB in 1:00
snapshot 97f8ce9d saved
Applying Policy: keep 7 daily, 4 weekly, 6 monthly snapshots
keep 11 snapshots:
ID        Time                 Host         Tags        Reasons           Paths
-------------------------------------------------------------------------------------
e72d2009  2026-03-01 15:05:35  ubuntu-7050              monthly snapshot  /home/kevin
3080457e  2026-03-29 02:00:01  ubuntu-7050              weekly snapshot   /home/kevin
40419d8c  2026-03-31 02:00:01  ubuntu-7050              monthly snapshot  /home/kevin
34c25f5f  2026-04-05 02:00:01  ubuntu-7050              weekly snapshot   /home/kevin
bf8736e5  2026-04-10 02:00:01  ubuntu-7050              daily snapshot    /home/kevin
0e64bc47  2026-04-11 02:00:01  ubuntu-7050              daily snapshot    /home/kevin
d2ed3153  2026-04-12 02:00:01  ubuntu-7050              daily snapshot    /home/kevin
                                                        weekly snapshot
e5a2e1a7  2026-04-13 02:00:01  ubuntu-7050              daily snapshot    /home/kevin
4242a11b  2026-04-14 02:00:01  ubuntu-7050              daily snapshot    /home/kevin
da7ffef1  2026-04-15 02:00:01  ubuntu-7050              daily snapshot    /home/kevin
97f8ce9d  2026-04-18 02:00:01  ubuntu-7050              daily snapshot    /home/kevin
                                                        weekly snapshot
                                                        monthly snapshot
-------------------------------------------------------------------------------------
11 snapshots

remove 1 snapshots:
ID        Time                 Host         Tags        Paths
-------------------------------------------------------------------
c84408ce  2026-04-09 02:00:01  ubuntu-7050              /home/kevin
-------------------------------------------------------------------
1 snapshots

[0:00] 100.00%  1 / 1 files deleted

1 snapshots have been removed, running prune
loading indexes...
loading all snapshots...
finding data that is still in use for 11 snapshots
[0:01] 100.00%  11 / 11 snapshots

searching used packs...
collecting packs for deletion and repacking
[0:03] 100.00%  2149 / 2149 packs processed


to repack:           785 blobs / 769.619 KiB
this removes:        104 blobs / 257.078 KiB
to delete:             0 blobs / 0 B
total prune:         104 blobs / 257.078 KiB
remaining:        234725 blobs / 34.763 GiB
unused size after prune: 1.265 GiB (3.64% of remaining size)

repacking packs
[0:00] 100.00%  2 / 2 packs repacked

rebuilding index
[0:01] 100.00%  2148 / 2148 packs processed

deleting obsolete index files
[0:00] 100.00%  3 / 3 files deleted

removing 2 old packs
[0:00] 100.00%  2 / 2 files deleted

done
open repository
lock repository
using parent snapshot 97f8ce9d
load index files
start scan on [/home/kevin]
start backup on [/home/kevin]
scan finished in 1.860s: 71258 files, 17.441 GiB

Files:        3716 new,  1004 changed, 66538 unmodified
Dirs:           60 new,   154 changed, 11712 unmodified
Data Blobs:   4791 new
Tree Blobs:    185 new
Added to the repository: 587.337 MiB (372.382 MiB stored)

processed 71258 files, 17.441 GiB in 0:26
snapshot dc99c65f saved
Applying Policy: keep 7 daily, 4 weekly, 6 monthly snapshots
keep 11 snapshots:
ID        Time                 Host         Tags        Reasons           Paths
-------------------------------------------------------------------------------------
e72d2009  2026-03-01 15:05:35  ubuntu-7050              monthly snapshot  /home/kevin
3080457e  2026-03-29 02:00:01  ubuntu-7050              weekly snapshot   /home/kevin
40419d8c  2026-03-31 02:00:01  ubuntu-7050              monthly snapshot  /home/kevin
34c25f5f  2026-04-05 02:00:01  ubuntu-7050              weekly snapshot   /home/kevin
0e64bc47  2026-04-11 02:00:01  ubuntu-7050              daily snapshot    /home/kevin
d2ed3153  2026-04-12 02:00:01  ubuntu-7050              daily snapshot    /home/kevin
                                                        weekly snapshot
e5a2e1a7  2026-04-13 02:00:01  ubuntu-7050              daily snapshot    /home/kevin
4242a11b  2026-04-14 02:00:01  ubuntu-7050              daily snapshot    /home/kevin
da7ffef1  2026-04-15 02:00:01  ubuntu-7050              daily snapshot    /home/kevin
97f8ce9d  2026-04-18 02:00:01  ubuntu-7050              daily snapshot    /home/kevin
dc99c65f  2026-04-19 02:00:01  ubuntu-7050              daily snapshot    /home/kevin
                                                        weekly snapshot
                                                        monthly snapshot
-------------------------------------------------------------------------------------
11 snapshots

remove 1 snapshots:
ID        Time                 Host         Tags        Paths
-------------------------------------------------------------------
bf8736e5  2026-04-10 02:00:01  ubuntu-7050              /home/kevin
-------------------------------------------------------------------
1 snapshots

[0:00] 100.00%  1 / 1 files deleted

1 snapshots have been removed, running prune
loading indexes...
loading all snapshots...
finding data that is still in use for 11 snapshots
[0:01] 100.00%  11 / 11 snapshots

searching used packs...
collecting packs for deletion and repacking
[0:03] 100.00%  2172 / 2172 packs processed


to repack:           867 blobs / 1.144 MiB
this removes:        170 blobs / 676.511 KiB
to delete:            15 blobs / 2.216 MiB
total prune:         185 blobs / 2.877 MiB
remaining:        239516 blobs / 35.123 GiB
unused size after prune: 1.352 GiB (3.85% of remaining size)

repacking packs
[0:00] 100.00%  2 / 2 packs repacked

rebuilding index
[0:01] 100.00%  2170 / 2170 packs processed

deleting obsolete index files
[0:00] 100.00%  3 / 3 files deleted

removing 3 old packs
[0:00] 100.00%  3 / 3 files deleted

done
open repository
lock repository
using parent snapshot dc99c65f
load index files
start scan on [/home/kevin]
start backup on [/home/kevin]
scan finished in 3.324s: 66470 files, 16.770 GiB

Files:        2549 new,   823 changed, 63098 unmodified
Dirs:          154 new,   205 changed, 11537 unmodified
Data Blobs:   3419 new
Tree Blobs:    288 new
Added to the repository: 445.833 MiB (250.135 MiB stored)

processed 66470 files, 16.770 GiB in 0:22
snapshot 3f271d8e saved
Applying Policy: keep 7 daily, 4 weekly, 6 monthly snapshots
keep 10 snapshots:
ID        Time                 Host         Tags        Reasons           Paths
-------------------------------------------------------------------------------------
e72d2009  2026-03-01 15:05:35  ubuntu-7050              monthly snapshot  /home/kevin
40419d8c  2026-03-31 02:00:01  ubuntu-7050              monthly snapshot  /home/kevin
34c25f5f  2026-04-05 02:00:01  ubuntu-7050              weekly snapshot   /home/kevin
d2ed3153  2026-04-12 02:00:01  ubuntu-7050              daily snapshot    /home/kevin
                                                        weekly snapshot
e5a2e1a7  2026-04-13 02:00:01  ubuntu-7050              daily snapshot    /home/kevin
4242a11b  2026-04-14 02:00:01  ubuntu-7050              daily snapshot    /home/kevin
da7ffef1  2026-04-15 02:00:01  ubuntu-7050              daily snapshot    /home/kevin
97f8ce9d  2026-04-18 02:00:01  ubuntu-7050              daily snapshot    /home/kevin
dc99c65f  2026-04-19 02:00:01  ubuntu-7050              daily snapshot    /home/kevin
                                                        weekly snapshot
3f271d8e  2026-04-20 02:00:01  ubuntu-7050              daily snapshot    /home/kevin
                                                        weekly snapshot
                                                        monthly snapshot
-------------------------------------------------------------------------------------
10 snapshots

remove 2 snapshots:
ID        Time                 Host         Tags        Paths
-------------------------------------------------------------------
3080457e  2026-03-29 02:00:01  ubuntu-7050              /home/kevin
0e64bc47  2026-04-11 02:00:01  ubuntu-7050              /home/kevin
-------------------------------------------------------------------
2 snapshots

[0:00] 100.00%  2 / 2 files deleted

2 snapshots have been removed, running prune
loading indexes...
loading all snapshots...
finding data that is still in use for 10 snapshots
[0:01] 100.00%  10 / 10 snapshots

searching used packs...
collecting packs for deletion and repacking
[0:03] 100.00%  2187 / 2187 packs processed


to repack:          9765 blobs / 8.788 MiB
this removes:       1163 blobs / 2.364 MiB
to delete:          1612 blobs / 52.162 MiB
total prune:        2775 blobs / 54.526 MiB
remaining:        240448 blobs / 35.314 GiB
unused size after prune: 1.603 GiB (4.54% of remaining size)

repacking packs
[0:01] 100.00%  4 / 4 packs repacked

rebuilding index
[0:01] 100.00%  2179 / 2179 packs processed

deleting obsolete index files
[0:00] 100.00%  3 / 3 files deleted

removing 9 old packs
[0:00] 100.00%  9 / 9 files deleted

done
open repository
lock repository
using parent snapshot 3f271d8e
load index files
start scan on [/home/kevin]
start backup on [/home/kevin]
scan finished in 3.241s: 70371 files, 16.974 GiB

Files:        3938 new,   761 changed, 65672 unmodified
Dirs:           58 new,   457 changed, 11426 unmodified
Data Blobs:   4495 new
Tree Blobs:    462 new
Added to the repository: 317.121 MiB (163.283 MiB stored)

processed 70371 files, 16.974 GiB in 0:16
snapshot be77524f saved
Applying Policy: keep 7 daily, 4 weekly, 6 monthly snapshots
keep 11 snapshots:
ID        Time                 Host         Tags        Reasons           Paths
-------------------------------------------------------------------------------------
e72d2009  2026-03-01 15:05:35  ubuntu-7050              monthly snapshot  /home/kevin
40419d8c  2026-03-31 02:00:01  ubuntu-7050              monthly snapshot  /home/kevin
34c25f5f  2026-04-05 02:00:01  ubuntu-7050              weekly snapshot   /home/kevin
d2ed3153  2026-04-12 02:00:01  ubuntu-7050              weekly snapshot   /home/kevin
e5a2e1a7  2026-04-13 02:00:01  ubuntu-7050              daily snapshot    /home/kevin
4242a11b  2026-04-14 02:00:01  ubuntu-7050              daily snapshot    /home/kevin
da7ffef1  2026-04-15 02:00:01  ubuntu-7050              daily snapshot    /home/kevin
97f8ce9d  2026-04-18 02:00:01  ubuntu-7050              daily snapshot    /home/kevin
dc99c65f  2026-04-19 02:00:01  ubuntu-7050              daily snapshot    /home/kevin
                                                        weekly snapshot
3f271d8e  2026-04-20 02:00:01  ubuntu-7050              daily snapshot    /home/kevin
be77524f  2026-04-21 02:00:01  ubuntu-7050              daily snapshot    /home/kevin
                                                        weekly snapshot
                                                        monthly snapshot
-------------------------------------------------------------------------------------
11 snapshots

open repository
lock repository
using parent snapshot be77524f
load index files
start scan on [/home/kevin]
start backup on [/home/kevin]
scan finished in 3.396s: 72858 files, 17.270 GiB

Files:        2700 new,   721 changed, 69437 unmodified
Dirs:           45 new,   165 changed, 11762 unmodified
Data Blobs:   3545 new
Tree Blobs:    181 new
Added to the repository: 448.653 MiB (198.968 MiB stored)

processed 72858 files, 17.270 GiB in 0:18
snapshot c5cdd8c9 saved
Applying Policy: keep 7 daily, 4 weekly, 6 monthly snapshots
keep 11 snapshots:
ID        Time                 Host         Tags        Reasons           Paths
-------------------------------------------------------------------------------------
e72d2009  2026-03-01 15:05:35  ubuntu-7050              monthly snapshot  /home/kevin
40419d8c  2026-03-31 02:00:01  ubuntu-7050              monthly snapshot  /home/kevin
34c25f5f  2026-04-05 02:00:01  ubuntu-7050              weekly snapshot   /home/kevin
d2ed3153  2026-04-12 02:00:01  ubuntu-7050              weekly snapshot   /home/kevin
4242a11b  2026-04-14 02:00:01  ubuntu-7050              daily snapshot    /home/kevin
da7ffef1  2026-04-15 02:00:01  ubuntu-7050              daily snapshot    /home/kevin
97f8ce9d  2026-04-18 02:00:01  ubuntu-7050              daily snapshot    /home/kevin
dc99c65f  2026-04-19 02:00:01  ubuntu-7050              daily snapshot    /home/kevin
                                                        weekly snapshot
3f271d8e  2026-04-20 02:00:01  ubuntu-7050              daily snapshot    /home/kevin
be77524f  2026-04-21 02:00:01  ubuntu-7050              daily snapshot    /home/kevin
c5cdd8c9  2026-04-23 02:00:01  ubuntu-7050              daily snapshot    /home/kevin
                                                        weekly snapshot
                                                        monthly snapshot
-------------------------------------------------------------------------------------
11 snapshots

remove 1 snapshots:
ID        Time                 Host         Tags        Paths
-------------------------------------------------------------------
e5a2e1a7  2026-04-13 02:00:01  ubuntu-7050              /home/kevin
-------------------------------------------------------------------
1 snapshots

[0:00] 100.00%  1 / 1 files deleted

1 snapshots have been removed, running prune
loading indexes...
loading all snapshots...
finding data that is still in use for 11 snapshots
[0:01] 100.00%  11 / 11 snapshots

searching used packs...
collecting packs for deletion and repacking
[0:02] 100.00%  2204 / 2204 packs processed


to repack:           233 blobs / 1.057 MiB
this removes:        206 blobs / 1.024 MiB
to delete:           900 blobs / 32.043 MiB
total prune:        1106 blobs / 33.067 MiB
remaining:        248025 blobs / 35.635 GiB
unused size after prune: 1.681 GiB (4.72% of remaining size)

repacking packs
[0:00] 100.00%  1 / 1 packs repacked

rebuilding index
[0:01] 100.00%  2202 / 2202 packs processed

deleting obsolete index files
[0:00] 100.00%  4 / 4 files deleted

removing 3 old packs
[0:00] 100.00%  3 / 3 files deleted

done
open repository
lock repository
using parent snapshot c5cdd8c9
load index files
start scan on [/home/kevin]
start backup on [/home/kevin]
scan finished in 3.240s: 73107 files, 17.651 GiB

Files:        7692 new,  1393 changed, 64022 unmodified
Dirs:          251 new,   195 changed, 11751 unmodified
Data Blobs:   8777 new
Tree Blobs:    371 new
Added to the repository: 1.197 GiB (830.549 MiB stored)

processed 73107 files, 17.651 GiB in 0:48
snapshot cb3e5822 saved
Applying Policy: keep 7 daily, 4 weekly, 6 monthly snapshots
keep 11 snapshots:
ID        Time                 Host         Tags        Reasons           Paths
-------------------------------------------------------------------------------------
e72d2009  2026-03-01 15:05:35  ubuntu-7050              monthly snapshot  /home/kevin
40419d8c  2026-03-31 02:00:01  ubuntu-7050              monthly snapshot  /home/kevin
34c25f5f  2026-04-05 02:00:01  ubuntu-7050              weekly snapshot   /home/kevin
d2ed3153  2026-04-12 02:00:01  ubuntu-7050              weekly snapshot   /home/kevin
da7ffef1  2026-04-15 02:00:01  ubuntu-7050              daily snapshot    /home/kevin
97f8ce9d  2026-04-18 02:00:01  ubuntu-7050              daily snapshot    /home/kevin
dc99c65f  2026-04-19 02:00:01  ubuntu-7050              daily snapshot    /home/kevin
                                                        weekly snapshot
3f271d8e  2026-04-20 02:00:01  ubuntu-7050              daily snapshot    /home/kevin
be77524f  2026-04-21 02:00:01  ubuntu-7050              daily snapshot    /home/kevin
c5cdd8c9  2026-04-23 02:00:01  ubuntu-7050              daily snapshot    /home/kevin
cb3e5822  2026-04-24 02:00:01  ubuntu-7050              daily snapshot    /home/kevin
                                                        weekly snapshot
                                                        monthly snapshot
-------------------------------------------------------------------------------------
11 snapshots

remove 1 snapshots:
ID        Time                 Host         Tags        Paths
-------------------------------------------------------------------
4242a11b  2026-04-14 02:00:01  ubuntu-7050              /home/kevin
-------------------------------------------------------------------
1 snapshots

[0:00] 100.00%  1 / 1 files deleted

1 snapshots have been removed, running prune
loading indexes...
loading all snapshots...
finding data that is still in use for 11 snapshots
[0:01] 100.00%  11 / 11 snapshots

searching used packs...
collecting packs for deletion and repacking
[0:03] 100.00%  2254 / 2254 packs processed


to repack:           831 blobs / 1.335 MiB
this removes:        270 blobs / 935.505 KiB
to delete:           457 blobs / 270.010 MiB
total prune:         727 blobs / 270.923 MiB
remaining:        256446 blobs / 36.181 GiB
unused size after prune: 1.756 GiB (4.85% of remaining size)

repacking packs
[0:00] 100.00%  1 / 1 packs repacked

rebuilding index
[0:01] 100.00%  2238 / 2238 packs processed

deleting obsolete index files
[0:00] 100.00%  3 / 3 files deleted

removing 17 old packs
[0:00] 100.00%  17 / 17 files deleted

done
open repository
lock repository
using parent snapshot cb3e5822
load index files
start scan on [/home/kevin]
start backup on [/home/kevin]
scan finished in 3.176s: 73055 files, 18.215 GiB

Files:        6100 new,  1290 changed, 65665 unmodified
Dirs:          194 new,   400 changed, 11756 unmodified
Data Blobs:   7423 new
Tree Blobs:    511 new
Added to the repository: 871.839 MiB (448.703 MiB stored)

processed 73055 files, 18.215 GiB in 0:35
snapshot 9ad22402 saved
Applying Policy: keep 7 daily, 4 weekly, 6 monthly snapshots
keep 11 snapshots:
ID        Time                 Host         Tags        Reasons           Paths
-------------------------------------------------------------------------------------
e72d2009  2026-03-01 15:05:35  ubuntu-7050              monthly snapshot  /home/kevin
40419d8c  2026-03-31 02:00:01  ubuntu-7050              monthly snapshot  /home/kevin
34c25f5f  2026-04-05 02:00:01  ubuntu-7050              weekly snapshot   /home/kevin
d2ed3153  2026-04-12 02:00:01  ubuntu-7050              weekly snapshot   /home/kevin
97f8ce9d  2026-04-18 02:00:01  ubuntu-7050              daily snapshot    /home/kevin
dc99c65f  2026-04-19 02:00:01  ubuntu-7050              daily snapshot    /home/kevin
                                                        weekly snapshot
3f271d8e  2026-04-20 02:00:01  ubuntu-7050              daily snapshot    /home/kevin
be77524f  2026-04-21 02:00:01  ubuntu-7050              daily snapshot    /home/kevin
c5cdd8c9  2026-04-23 02:00:01  ubuntu-7050              daily snapshot    /home/kevin
cb3e5822  2026-04-24 02:00:01  ubuntu-7050              daily snapshot    /home/kevin
9ad22402  2026-04-25 02:00:01  ubuntu-7050              daily snapshot    /home/kevin
                                                        weekly snapshot
                                                        monthly snapshot
-------------------------------------------------------------------------------------
11 snapshots

remove 1 snapshots:
ID        Time                 Host         Tags        Paths
-------------------------------------------------------------------
da7ffef1  2026-04-15 02:00:01  ubuntu-7050              /home/kevin
-------------------------------------------------------------------
1 snapshots

[0:00] 100.00%  1 / 1 files deleted

1 snapshots have been removed, running prune
loading indexes...
loading all snapshots...
finding data that is still in use for 11 snapshots
[0:01] 100.00%  11 / 11 snapshots

searching used packs...
collecting packs for deletion and repacking
[0:03] 100.00%  2267 / 2267 packs processed


to repack:          3699 blobs / 188.341 MiB
this removes:       2998 blobs / 187.105 MiB
to delete:          8473 blobs / 320.060 MiB
total prune:       11471 blobs / 507.165 MiB
remaining:        252909 blobs / 36.124 GiB
unused size after prune: 1.793 GiB (4.96% of remaining size)

repacking packs
[0:01] 100.00%  15 / 15 packs repacked

rebuilding index
[0:01] 100.00%  2232 / 2232 packs processed

deleting obsolete index files
[0:00] 100.00%  3 / 3 files deleted

removing 37 old packs
[0:00] 100.00%  37 / 37 files deleted

done
open repository
lock repository
using parent snapshot 9ad22402
load index files
start scan on [/home/kevin]
start backup on [/home/kevin]
scan finished in 3.400s: 71129 files, 18.252 GiB

Files:        3901 new,  1515 changed, 65713 unmodified
Dirs:          534 new,   402 changed, 11815 unmodified
Data Blobs:   5192 new
Tree Blobs:    819 new
Added to the repository: 691.068 MiB (344.609 MiB stored)

processed 71129 files, 18.252 GiB in 0:25
snapshot 694fb13c saved
Applying Policy: keep 7 daily, 4 weekly, 6 monthly snapshots
keep 11 snapshots:
ID        Time                 Host         Tags        Reasons           Paths
-------------------------------------------------------------------------------------
e72d2009  2026-03-01 15:05:35  ubuntu-7050              monthly snapshot  /home/kevin
40419d8c  2026-03-31 02:00:01  ubuntu-7050              monthly snapshot  /home/kevin
34c25f5f  2026-04-05 02:00:01  ubuntu-7050              weekly snapshot   /home/kevin
d2ed3153  2026-04-12 02:00:01  ubuntu-7050              weekly snapshot   /home/kevin
dc99c65f  2026-04-19 02:00:01  ubuntu-7050              daily snapshot    /home/kevin
                                                        weekly snapshot
3f271d8e  2026-04-20 02:00:01  ubuntu-7050              daily snapshot    /home/kevin
be77524f  2026-04-21 02:00:01  ubuntu-7050              daily snapshot    /home/kevin
c5cdd8c9  2026-04-23 02:00:01  ubuntu-7050              daily snapshot    /home/kevin
cb3e5822  2026-04-24 02:00:01  ubuntu-7050              daily snapshot    /home/kevin
9ad22402  2026-04-25 02:00:01  ubuntu-7050              daily snapshot    /home/kevin
694fb13c  2026-04-26 02:00:01  ubuntu-7050              daily snapshot    /home/kevin
                                                        weekly snapshot
                                                        monthly snapshot
-------------------------------------------------------------------------------------
11 snapshots

remove 1 snapshots:
ID        Time                 Host         Tags        Paths
-------------------------------------------------------------------
97f8ce9d  2026-04-18 02:00:01  ubuntu-7050              /home/kevin
-------------------------------------------------------------------
1 snapshots

[0:00] 100.00%  1 / 1 files deleted

1 snapshots have been removed, running prune
loading indexes...
loading all snapshots...
finding data that is still in use for 11 snapshots
[0:01] 100.00%  11 / 11 snapshots

searching used packs...
collecting packs for deletion and repacking
[0:03] 100.00%  2255 / 2255 packs processed


to repack:         12926 blobs / 468.636 MiB
this removes:      11406 blobs / 457.209 MiB
to delete:             0 blobs / 0 B
total prune:       11406 blobs / 457.209 MiB
remaining:        247514 blobs / 36.014 GiB
unused size after prune: 1.790 GiB (4.97% of remaining size)

repacking packs
[0:04] 100.00%  32 / 32 packs repacked

rebuilding index
[0:01] 100.00%  2225 / 2225 packs processed

deleting obsolete index files
[0:00] 100.00%  3 / 3 files deleted

removing 32 old packs
[0:00] 100.00%  32 / 32 files deleted

done
open repository
lock repository
using parent snapshot 694fb13c
load index files
start scan on [/home/kevin]
start backup on [/home/kevin]
scan finished in 3.834s: 72910 files, 18.493 GiB

Files:        3914 new,  2530 changed, 66466 unmodified
Dirs:         1035 new,   722 changed, 11653 unmodified
Data Blobs:   5180 new
Tree Blobs:   1660 new
Added to the repository: 1.342 GiB (504.021 MiB stored)

processed 72910 files, 18.493 GiB in 0:39
snapshot e4430099 saved
Applying Policy: keep 7 daily, 4 weekly, 6 monthly snapshots
keep 11 snapshots:
ID        Time                 Host         Tags        Reasons           Paths
-------------------------------------------------------------------------------------
e72d2009  2026-03-01 15:05:35  ubuntu-7050              monthly snapshot  /home/kevin
40419d8c  2026-03-31 02:00:01  ubuntu-7050              monthly snapshot  /home/kevin
d2ed3153  2026-04-12 02:00:01  ubuntu-7050              weekly snapshot   /home/kevin
dc99c65f  2026-04-19 02:00:01  ubuntu-7050              weekly snapshot   /home/kevin
3f271d8e  2026-04-20 02:00:01  ubuntu-7050              daily snapshot    /home/kevin
be77524f  2026-04-21 02:00:01  ubuntu-7050              daily snapshot    /home/kevin
c5cdd8c9  2026-04-23 02:00:01  ubuntu-7050              daily snapshot    /home/kevin
cb3e5822  2026-04-24 02:00:01  ubuntu-7050              daily snapshot    /home/kevin
9ad22402  2026-04-25 02:00:01  ubuntu-7050              daily snapshot    /home/kevin
694fb13c  2026-04-26 02:00:01  ubuntu-7050              daily snapshot    /home/kevin
                                                        weekly snapshot
e4430099  2026-04-27 02:00:01  ubuntu-7050              daily snapshot    /home/kevin
                                                        weekly snapshot
                                                        monthly snapshot
-------------------------------------------------------------------------------------
11 snapshots

remove 1 snapshots:
ID        Time                 Host         Tags        Paths
-------------------------------------------------------------------
34c25f5f  2026-04-05 02:00:01  ubuntu-7050              /home/kevin
-------------------------------------------------------------------
1 snapshots

[0:00] 100.00%  1 / 1 files deleted

1 snapshots have been removed, running prune
loading indexes...
loading all snapshots...
finding data that is still in use for 11 snapshots
[0:01] 100.00%  11 / 11 snapshots

searching used packs...
collecting packs for deletion and repacking
[0:03] 100.00%  2257 / 2257 packs processed


to repack:          1502 blobs / 1.993 MiB
this removes:        591 blobs / 1.250 MiB
to delete:         15289 blobs / 684.359 MiB
total prune:       15880 blobs / 685.609 MiB
remaining:        238474 blobs / 35.836 GiB
unused size after prune: 1.740 GiB (4.85% of remaining size)

repacking packs
[0:00] 100.00%  2 / 2 packs repacked

rebuilding index
[0:01] 100.00%  2214 / 2214 packs processed

deleting obsolete index files
[0:00] 100.00%  3 / 3 files deleted

removing 44 old packs
[0:00] 100.00%  44 / 44 files deleted

done
open repository
lock repository
using parent snapshot e4430099
load index files
start scan on [/home/kevin]
start backup on [/home/kevin]
scan finished in 9.403s: 73336 files, 19.657 GiB

Files:        3023 new,  2302 changed, 68011 unmodified
Dirs:          534 new,   651 changed, 12378 unmodified
Data Blobs:   4358 new
Tree Blobs:   1074 new
Added to the repository: 882.012 MiB (394.527 MiB stored)

processed 73336 files, 19.657 GiB in 0:39
snapshot 124d72c8 saved
Applying Policy: keep 7 daily, 4 weekly, 6 monthly snapshots
keep 11 snapshots:
ID        Time                 Host         Tags        Reasons           Paths
-------------------------------------------------------------------------------------
e72d2009  2026-03-01 15:05:35  ubuntu-7050              monthly snapshot  /home/kevin
40419d8c  2026-03-31 02:00:01  ubuntu-7050              monthly snapshot  /home/kevin
d2ed3153  2026-04-12 02:00:01  ubuntu-7050              weekly snapshot   /home/kevin
dc99c65f  2026-04-19 02:00:01  ubuntu-7050              weekly snapshot   /home/kevin
be77524f  2026-04-21 02:00:01  ubuntu-7050              daily snapshot    /home/kevin
c5cdd8c9  2026-04-23 02:00:01  ubuntu-7050              daily snapshot    /home/kevin
cb3e5822  2026-04-24 02:00:01  ubuntu-7050              daily snapshot    /home/kevin
9ad22402  2026-04-25 02:00:01  ubuntu-7050              daily snapshot    /home/kevin
694fb13c  2026-04-26 02:00:01  ubuntu-7050              daily snapshot    /home/kevin
                                                        weekly snapshot
e4430099  2026-04-27 02:00:01  ubuntu-7050              daily snapshot    /home/kevin
124d72c8  2026-04-28 02:00:01  ubuntu-7050              daily snapshot    /home/kevin
                                                        weekly snapshot
                                                        monthly snapshot
-------------------------------------------------------------------------------------
11 snapshots

remove 1 snapshots:
ID        Time                 Host         Tags        Paths
-------------------------------------------------------------------
3f271d8e  2026-04-20 02:00:01  ubuntu-7050              /home/kevin
-------------------------------------------------------------------
1 snapshots

[0:00] 100.00%  1 / 1 files deleted

1 snapshots have been removed, running prune
loading indexes...
loading all snapshots...
finding data that is still in use for 11 snapshots
[0:01] 100.00%  11 / 11 snapshots

searching used packs...
collecting packs for deletion and repacking
[0:03] 100.00%  2240 / 2240 packs processed


to repack:           288 blobs / 640.627 KiB
this removes:        148 blobs / 473.339 KiB
to delete:             0 blobs / 0 B
total prune:         148 blobs / 473.339 KiB
remaining:        243758 blobs / 36.221 GiB
unused size after prune: 1.774 GiB (4.90% of remaining size)

repacking packs
[0:00] 100.00%  1 / 1 packs repacked

rebuilding index
[0:01] 100.00%  2240 / 2240 packs processed

deleting obsolete index files
[0:00] 100.00%  3 / 3 files deleted

removing 1 old packs
[0:00] 100.00%  1 / 1 files deleted

done
open repository
lock repository
using parent snapshot 124d72c8
load index files
start scan on [/home/kevin]
start backup on [/home/kevin]
scan finished in 2.006s: 73367 files, 19.280 GiB

Files:        3258 new,  2148 changed, 67961 unmodified
Dirs:          678 new,   688 changed, 12474 unmodified
Data Blobs:   3743 new
Tree Blobs:   1178 new
Added to the repository: 685.174 MiB (330.076 MiB stored)

processed 73367 files, 19.280 GiB in 0:29
snapshot e87aabcf saved
Applying Policy: keep 7 daily, 4 weekly, 6 monthly snapshots
keep 11 snapshots:
ID        Time                 Host         Tags        Reasons           Paths
-------------------------------------------------------------------------------------
e72d2009  2026-03-01 15:05:35  ubuntu-7050              monthly snapshot  /home/kevin
40419d8c  2026-03-31 02:00:01  ubuntu-7050              monthly snapshot  /home/kevin
d2ed3153  2026-04-12 02:00:01  ubuntu-7050              weekly snapshot   /home/kevin
dc99c65f  2026-04-19 02:00:01  ubuntu-7050              weekly snapshot   /home/kevin
c5cdd8c9  2026-04-23 02:00:01  ubuntu-7050              daily snapshot    /home/kevin
cb3e5822  2026-04-24 02:00:01  ubuntu-7050              daily snapshot    /home/kevin
9ad22402  2026-04-25 02:00:01  ubuntu-7050              daily snapshot    /home/kevin
694fb13c  2026-04-26 02:00:01  ubuntu-7050              daily snapshot    /home/kevin
                                                        weekly snapshot
e4430099  2026-04-27 02:00:01  ubuntu-7050              daily snapshot    /home/kevin
124d72c8  2026-04-28 02:00:01  ubuntu-7050              daily snapshot    /home/kevin
e87aabcf  2026-04-29 02:00:01  ubuntu-7050              daily snapshot    /home/kevin
                                                        weekly snapshot
                                                        monthly snapshot
-------------------------------------------------------------------------------------
11 snapshots

remove 1 snapshots:
ID        Time                 Host         Tags        Paths
-------------------------------------------------------------------
be77524f  2026-04-21 02:00:01  ubuntu-7050              /home/kevin
-------------------------------------------------------------------
1 snapshots

[0:00] 100.00%  1 / 1 files deleted

1 snapshots have been removed, running prune
loading indexes...
loading all snapshots...
finding data that is still in use for 11 snapshots
[0:01] 100.00%  11 / 11 snapshots

searching used packs...
collecting packs for deletion and repacking
[0:03] 100.00%  2262 / 2262 packs processed


to repack:           602 blobs / 1.219 MiB
this removes:        139 blobs / 811.631 KiB
to delete:             0 blobs / 0 B
total prune:         139 blobs / 811.631 KiB
remaining:        248540 blobs / 36.542 GiB
unused size after prune: 1.823 GiB (4.99% of remaining size)

repacking packs
[0:00] 100.00%  2 / 2 packs repacked

rebuilding index
[0:01] 100.00%  2261 / 2261 packs processed

deleting obsolete index files
[0:00] 100.00%  3 / 3 files deleted

removing 2 old packs
[0:00] 100.00%  2 / 2 files deleted

done
open repository
lock repository
using parent snapshot e87aabcf
load index files
start scan on [/home/kevin]
start backup on [/home/kevin]
scan finished in 4.611s: 83452 files, 19.669 GiB

Files:       13023 new,  1892 changed, 68537 unmodified
Dirs:         2219 new,   572 changed, 12401 unmodified
Data Blobs:  13596 new
Tree Blobs:   2550 new
Added to the repository: 1.146 GiB (667.793 MiB stored)

processed 83452 files, 19.669 GiB in 0:43
snapshot fdbecbb8 saved
Applying Policy: keep 7 daily, 4 weekly, 6 monthly snapshots
keep 11 snapshots:
ID        Time                 Host         Tags        Reasons           Paths
-------------------------------------------------------------------------------------
e72d2009  2026-03-01 15:05:35  ubuntu-7050              monthly snapshot  /home/kevin
40419d8c  2026-03-31 02:00:01  ubuntu-7050              monthly snapshot  /home/kevin
d2ed3153  2026-04-12 02:00:01  ubuntu-7050              weekly snapshot   /home/kevin
dc99c65f  2026-04-19 02:00:01  ubuntu-7050              weekly snapshot   /home/kevin
cb3e5822  2026-04-24 02:00:01  ubuntu-7050              daily snapshot    /home/kevin
9ad22402  2026-04-25 02:00:01  ubuntu-7050              daily snapshot    /home/kevin
694fb13c  2026-04-26 02:00:01  ubuntu-7050              daily snapshot    /home/kevin
                                                        weekly snapshot
e4430099  2026-04-27 02:00:01  ubuntu-7050              daily snapshot    /home/kevin
124d72c8  2026-04-28 02:00:01  ubuntu-7050              daily snapshot    /home/kevin
e87aabcf  2026-04-29 02:00:01  ubuntu-7050              daily snapshot    /home/kevin
fdbecbb8  2026-04-30 02:00:01  ubuntu-7050              daily snapshot    /home/kevin
                                                        weekly snapshot
                                                        monthly snapshot
-------------------------------------------------------------------------------------
11 snapshots

remove 1 snapshots:
ID        Time                 Host         Tags        Paths
-------------------------------------------------------------------
c5cdd8c9  2026-04-23 02:00:01  ubuntu-7050              /home/kevin
-------------------------------------------------------------------
1 snapshots

[0:00] 100.00%  1 / 1 files deleted

1 snapshots have been removed, running prune
loading indexes...
loading all snapshots...
finding data that is still in use for 11 snapshots
[0:01] 100.00%  11 / 11 snapshots

searching used packs...
collecting packs for deletion and repacking
[0:03] 100.00%  2303 / 2303 packs processed


to repack:          6065 blobs / 245.205 MiB
this removes:       5199 blobs / 240.226 MiB
to delete:          2652 blobs / 162.543 MiB
total prune:        7851 blobs / 402.769 MiB
remaining:        256835 blobs / 36.800 GiB
unused size after prune: 1.828 GiB (4.97% of remaining size)

repacking packs
[0:01] 100.00%  19 / 19 packs repacked

rebuilding index
[0:01] 100.00%  2276 / 2276 packs processed

deleting obsolete index files
[0:00] 100.00%  3 / 3 files deleted

removing 29 old packs
[0:01] 100.00%  29 / 29 files deleted

done
open repository
lock repository
using parent snapshot fdbecbb8
load index files
start scan on [/home/kevin]
start backup on [/home/kevin]
scan finished in 2.305s: 83827 files, 19.555 GiB

Files:        1414 new,   931 changed, 81482 unmodified
Dirs:           39 new,   185 changed, 14980 unmodified
Data Blobs:   2494 new
Tree Blobs:    199 new
Added to the repository: 555.175 MiB (315.724 MiB stored)

processed 83827 files, 19.555 GiB in 0:21
snapshot af7245bd saved
Applying Policy: keep 7 daily, 4 weekly, 6 monthly snapshots
keep 11 snapshots:
ID        Time                 Host         Tags        Reasons           Paths
-------------------------------------------------------------------------------------
e72d2009  2026-03-01 15:05:35  ubuntu-7050              monthly snapshot  /home/kevin
40419d8c  2026-03-31 02:00:01  ubuntu-7050              monthly snapshot  /home/kevin
d2ed3153  2026-04-12 02:00:01  ubuntu-7050              weekly snapshot   /home/kevin
dc99c65f  2026-04-19 02:00:01  ubuntu-7050              weekly snapshot   /home/kevin
9ad22402  2026-04-25 02:00:01  ubuntu-7050              daily snapshot    /home/kevin
694fb13c  2026-04-26 02:00:01  ubuntu-7050              daily snapshot    /home/kevin
                                                        weekly snapshot
e4430099  2026-04-27 02:00:01  ubuntu-7050              daily snapshot    /home/kevin
124d72c8  2026-04-28 02:00:01  ubuntu-7050              daily snapshot    /home/kevin
e87aabcf  2026-04-29 02:00:01  ubuntu-7050              daily snapshot    /home/kevin
fdbecbb8  2026-04-30 02:00:01  ubuntu-7050              daily snapshot    /home/kevin
                                                        monthly snapshot
af7245bd  2026-05-01 02:00:01  ubuntu-7050              daily snapshot    /home/kevin
                                                        weekly snapshot
                                                        monthly snapshot
-------------------------------------------------------------------------------------
11 snapshots

remove 1 snapshots:
ID        Time                 Host         Tags        Paths
-------------------------------------------------------------------
cb3e5822  2026-04-24 02:00:01  ubuntu-7050              /home/kevin
-------------------------------------------------------------------
1 snapshots

[0:00] 100.00%  1 / 1 files deleted

1 snapshots have been removed, running prune
loading indexes...
loading all snapshots...
finding data that is still in use for 11 snapshots
[0:01] 100.00%  11 / 11 snapshots

searching used packs...
collecting packs for deletion and repacking
[0:03] 100.00%  2296 / 2296 packs processed


to repack:         13138 blobs / 529.179 MiB
this removes:      11572 blobs / 501.362 MiB
to delete:             0 blobs / 0 B
total prune:       11572 blobs / 501.362 MiB
remaining:        247956 blobs / 36.619 GiB
unused size after prune: 1.828 GiB (4.99% of remaining size)

repacking packs
[0:05] 100.00%  36 / 36 packs repacked

rebuilding index
[0:01] 100.00%  2263 / 2263 packs processed

deleting obsolete index files
[0:00] 100.00%  3 / 3 files deleted

removing 36 old packs
[0:00] 100.00%  36 / 36 files deleted

done
open repository
lock repository
using parent snapshot af7245bd
load index files
start scan on [/home/kevin]
start backup on [/home/kevin]
scan finished in 2.155s: 83827 files, 19.555 GiB

Files:           0 new,    10 changed, 83817 unmodified
Dirs:            0 new,    15 changed, 15189 unmodified
Data Blobs:     28 new
Tree Blobs:     14 new
Added to the repository: 17.776 MiB (990.995 KiB stored)

processed 83827 files, 19.555 GiB in 0:05
snapshot f2d9315f saved
Applying Policy: keep 7 daily, 4 weekly, 6 monthly snapshots
keep 11 snapshots:
ID        Time                 Host         Tags        Reasons           Paths
-------------------------------------------------------------------------------------
e72d2009  2026-03-01 15:05:35  ubuntu-7050              monthly snapshot  /home/kevin
40419d8c  2026-03-31 02:00:01  ubuntu-7050              monthly snapshot  /home/kevin
d2ed3153  2026-04-12 02:00:01  ubuntu-7050              weekly snapshot   /home/kevin
dc99c65f  2026-04-19 02:00:01  ubuntu-7050              weekly snapshot   /home/kevin
694fb13c  2026-04-26 02:00:01  ubuntu-7050              daily snapshot    /home/kevin
                                                        weekly snapshot
e4430099  2026-04-27 02:00:01  ubuntu-7050              daily snapshot    /home/kevin
124d72c8  2026-04-28 02:00:01  ubuntu-7050              daily snapshot    /home/kevin
e87aabcf  2026-04-29 02:00:01  ubuntu-7050              daily snapshot    /home/kevin
fdbecbb8  2026-04-30 02:00:01  ubuntu-7050              daily snapshot    /home/kevin
                                                        monthly snapshot
af7245bd  2026-05-01 02:00:01  ubuntu-7050              daily snapshot    /home/kevin
f2d9315f  2026-05-02 02:00:01  ubuntu-7050              daily snapshot    /home/kevin
                                                        weekly snapshot
                                                        monthly snapshot
-------------------------------------------------------------------------------------
11 snapshots

remove 1 snapshots:
ID        Time                 Host         Tags        Paths
-------------------------------------------------------------------
9ad22402  2026-04-25 02:00:01  ubuntu-7050              /home/kevin
-------------------------------------------------------------------
1 snapshots

[0:00] 100.00%  1 / 1 files deleted

1 snapshots have been removed, running prune
loading indexes...
loading all snapshots...
finding data that is still in use for 11 snapshots
[0:01] 100.00%  11 / 11 snapshots

searching used packs...
collecting packs for deletion and repacking
[0:03] 100.00%  2265 / 2265 packs processed


to repack:          7257 blobs / 422.844 MiB
this removes:       6155 blobs / 404.643 MiB
to delete:           250 blobs / 16.092 MiB
total prune:        6405 blobs / 420.735 MiB
remaining:        241593 blobs / 36.209 GiB
unused size after prune: 1.797 GiB (4.96% of remaining size)

repacking packs
[0:06] 100.00%  28 / 28 packs repacked

rebuilding index
[0:01] 100.00%  2239 / 2239 packs processed

deleting obsolete index files
[0:00] 100.00%  3 / 3 files deleted

removing 29 old packs
[0:00] 100.00%  29 / 29 files deleted

done
open repository
lock repository
using parent snapshot f2d9315f
load index files
start scan on [/home/kevin]
start backup on [/home/kevin]
scan finished in 2.131s: 83835 files, 19.612 GiB

Files:          13 new,    13 changed, 83809 unmodified
Dirs:            1 new,    25 changed, 15179 unmodified
Data Blobs:     62 new
Tree Blobs:     24 new
Added to the repository: 56.047 MiB (30.053 MiB stored)

processed 83835 files, 19.612 GiB in 0:07
snapshot b3e44c58 saved
Applying Policy: keep 7 daily, 4 weekly, 6 monthly snapshots
keep 12 snapshots:
ID        Time                 Host         Tags        Reasons           Paths
-------------------------------------------------------------------------------------
e72d2009  2026-03-01 15:05:35  ubuntu-7050              monthly snapshot  /home/kevin
40419d8c  2026-03-31 02:00:01  ubuntu-7050              monthly snapshot  /home/kevin
d2ed3153  2026-04-12 02:00:01  ubuntu-7050              weekly snapshot   /home/kevin
dc99c65f  2026-04-19 02:00:01  ubuntu-7050              weekly snapshot   /home/kevin
694fb13c  2026-04-26 02:00:01  ubuntu-7050              weekly snapshot   /home/kevin
e4430099  2026-04-27 02:00:01  ubuntu-7050              daily snapshot    /home/kevin
124d72c8  2026-04-28 02:00:01  ubuntu-7050              daily snapshot    /home/kevin
e87aabcf  2026-04-29 02:00:01  ubuntu-7050              daily snapshot    /home/kevin
fdbecbb8  2026-04-30 02:00:01  ubuntu-7050              daily snapshot    /home/kevin
                                                        monthly snapshot
af7245bd  2026-05-01 02:00:01  ubuntu-7050              daily snapshot    /home/kevin
f2d9315f  2026-05-02 02:00:01  ubuntu-7050              daily snapshot    /home/kevin
b3e44c58  2026-05-03 02:00:01  ubuntu-7050              daily snapshot    /home/kevin
                                                        weekly snapshot
                                                        monthly snapshot
-------------------------------------------------------------------------------------
12 snapshots

open repository
lock repository
using parent snapshot b3e44c58
load index files
start scan on [/home/kevin]
start backup on [/home/kevin]
scan finished in 3.209s: 84295 files, 19.631 GiB

Files:        3301 new,   888 changed, 80106 unmodified
Dirs:           23 new,   431 changed, 14772 unmodified
Data Blobs:   4439 new
Tree Blobs:    403 new
Added to the repository: 757.895 MiB (470.528 MiB stored)

processed 84295 files, 19.631 GiB in 0:38
snapshot 28ebf90c saved
Applying Policy: keep 7 daily, 4 weekly, 6 monthly snapshots
keep 11 snapshots:
ID        Time                 Host         Tags        Reasons           Paths
-------------------------------------------------------------------------------------
e72d2009  2026-03-01 15:05:35  ubuntu-7050              monthly snapshot  /home/kevin
40419d8c  2026-03-31 02:00:01  ubuntu-7050              monthly snapshot  /home/kevin
dc99c65f  2026-04-19 02:00:01  ubuntu-7050              weekly snapshot   /home/kevin
694fb13c  2026-04-26 02:00:01  ubuntu-7050              weekly snapshot   /home/kevin
124d72c8  2026-04-28 02:00:01  ubuntu-7050              daily snapshot    /home/kevin
e87aabcf  2026-04-29 02:00:01  ubuntu-7050              daily snapshot    /home/kevin
fdbecbb8  2026-04-30 02:00:01  ubuntu-7050              daily snapshot    /home/kevin
                                                        monthly snapshot
af7245bd  2026-05-01 02:00:01  ubuntu-7050              daily snapshot    /home/kevin
f2d9315f  2026-05-02 02:00:01  ubuntu-7050              daily snapshot    /home/kevin
b3e44c58  2026-05-03 02:00:01  ubuntu-7050              daily snapshot    /home/kevin
                                                        weekly snapshot
28ebf90c  2026-05-04 02:00:01  ubuntu-7050              daily snapshot    /home/kevin
                                                        weekly snapshot
                                                        monthly snapshot
-------------------------------------------------------------------------------------
11 snapshots

remove 2 snapshots:
ID        Time                 Host         Tags        Paths
-------------------------------------------------------------------
d2ed3153  2026-04-12 02:00:01  ubuntu-7050              /home/kevin
e4430099  2026-04-27 02:00:01  ubuntu-7050              /home/kevin
-------------------------------------------------------------------
2 snapshots

[0:00] 100.00%  2 / 2 files deleted

2 snapshots have been removed, running prune
loading indexes...
loading all snapshots...
finding data that is still in use for 11 snapshots
[0:01] 100.00%  11 / 11 snapshots

searching used packs...
collecting packs for deletion and repacking
[0:03] 100.00%  2272 / 2272 packs processed


to repack:         14172 blobs / 156.907 MiB
this removes:       4452 blobs / 144.926 MiB
to delete:         13564 blobs / 539.734 MiB
total prune:       18016 blobs / 684.660 MiB
remaining:        228505 blobs / 36.029 GiB
unused size after prune: 1.795 GiB (4.98% of remaining size)

repacking packs
[0:02] 100.00%  13 / 13 packs repacked

rebuilding index
[0:01] 100.00%  2227 / 2227 packs processed

deleting obsolete index files
[0:00] 100.00%  4 / 4 files deleted

removing 47 old packs
[0:00] 100.00%  47 / 47 files deleted

done
open repository
lock repository
using parent snapshot 28ebf90c
load index files
start scan on [/home/kevin]
start backup on [/home/kevin]
scan finished in 2.123s: 84295 files, 19.631 GiB

Files:           0 new,    11 changed, 84284 unmodified
Dirs:            0 new,    15 changed, 15211 unmodified
Data Blobs:     47 new
Tree Blobs:     14 new
Added to the repository: 28.183 MiB (1.048 MiB stored)

processed 84295 files, 19.631 GiB in 0:05
snapshot eb05fb1d saved
Applying Policy: keep 7 daily, 4 weekly, 6 monthly snapshots
keep 11 snapshots:
ID        Time                 Host         Tags        Reasons           Paths
-------------------------------------------------------------------------------------
e72d2009  2026-03-01 15:05:35  ubuntu-7050              monthly snapshot  /home/kevin
40419d8c  2026-03-31 02:00:01  ubuntu-7050              monthly snapshot  /home/kevin
dc99c65f  2026-04-19 02:00:01  ubuntu-7050              weekly snapshot   /home/kevin
694fb13c  2026-04-26 02:00:01  ubuntu-7050              weekly snapshot   /home/kevin
e87aabcf  2026-04-29 02:00:01  ubuntu-7050              daily snapshot    /home/kevin
fdbecbb8  2026-04-30 02:00:01  ubuntu-7050              daily snapshot    /home/kevin
                                                        monthly snapshot
af7245bd  2026-05-01 02:00:01  ubuntu-7050              daily snapshot    /home/kevin
f2d9315f  2026-05-02 02:00:01  ubuntu-7050              daily snapshot    /home/kevin
b3e44c58  2026-05-03 02:00:01  ubuntu-7050              daily snapshot    /home/kevin
                                                        weekly snapshot
28ebf90c  2026-05-04 02:00:01  ubuntu-7050              daily snapshot    /home/kevin
eb05fb1d  2026-05-05 02:00:01  ubuntu-7050              daily snapshot    /home/kevin
                                                        weekly snapshot
                                                        monthly snapshot
-------------------------------------------------------------------------------------
11 snapshots

remove 1 snapshots:
ID        Time                 Host         Tags        Paths
-------------------------------------------------------------------
124d72c8  2026-04-28 02:00:01  ubuntu-7050              /home/kevin
-------------------------------------------------------------------
1 snapshots

[0:00] 100.00%  1 / 1 files deleted

1 snapshots have been removed, running prune
loading indexes...
loading all snapshots...
finding data that is still in use for 11 snapshots
[0:01] 100.00%  11 / 11 snapshots

searching used packs...
collecting packs for deletion and repacking
[0:03] 100.00%  2229 / 2229 packs processed


to repack:         15509 blobs / 298.329 MiB
this removes:       5175 blobs / 263.938 MiB
to delete:             0 blobs / 0 B
total prune:        5175 blobs / 263.938 MiB
remaining:        223391 blobs / 35.772 GiB
unused size after prune: 1.781 GiB (4.98% of remaining size)

repacking packs
[0:06] 100.00%  20 / 20 packs repacked

rebuilding index
[0:01] 100.00%  2212 / 2212 packs processed

deleting obsolete index files
[0:00] 100.00%  3 / 3 files deleted

removing 20 old packs
[0:00] 100.00%  20 / 20 files deleted

done
open repository
lock repository
using parent snapshot eb05fb1d
load index files
start scan on [/home/kevin]
start backup on [/home/kevin]
scan finished in 2.149s: 84453 files, 19.643 GiB

Files:         197 new,   363 changed, 83893 unmodified
Dirs:            0 new,   273 changed, 14953 unmodified
Data Blobs:    580 new
Tree Blobs:    232 new
Added to the repository: 128.622 MiB (38.120 MiB stored)

processed 84453 files, 19.643 GiB in 0:08
snapshot f8e51943 saved
Applying Policy: keep 7 daily, 4 weekly, 6 monthly snapshots
keep 11 snapshots:
ID        Time                 Host         Tags        Reasons           Paths
-------------------------------------------------------------------------------------
e72d2009  2026-03-01 15:05:35  ubuntu-7050              monthly snapshot  /home/kevin
40419d8c  2026-03-31 02:00:01  ubuntu-7050              monthly snapshot  /home/kevin
dc99c65f  2026-04-19 02:00:01  ubuntu-7050              weekly snapshot   /home/kevin
694fb13c  2026-04-26 02:00:01  ubuntu-7050              weekly snapshot   /home/kevin
fdbecbb8  2026-04-30 02:00:01  ubuntu-7050              daily snapshot    /home/kevin
                                                        monthly snapshot
af7245bd  2026-05-01 02:00:01  ubuntu-7050              daily snapshot    /home/kevin
f2d9315f  2026-05-02 02:00:01  ubuntu-7050              daily snapshot    /home/kevin
b3e44c58  2026-05-03 02:00:01  ubuntu-7050              daily snapshot    /home/kevin
                                                        weekly snapshot
28ebf90c  2026-05-04 02:00:01  ubuntu-7050              daily snapshot    /home/kevin
eb05fb1d  2026-05-05 02:00:01  ubuntu-7050              daily snapshot    /home/kevin
f8e51943  2026-05-06 02:00:01  ubuntu-7050              daily snapshot    /home/kevin
                                                        weekly snapshot
                                                        monthly snapshot
-------------------------------------------------------------------------------------
11 snapshots

remove 1 snapshots:
ID        Time                 Host         Tags        Paths
-------------------------------------------------------------------
e87aabcf  2026-04-29 02:00:01  ubuntu-7050              /home/kevin
-------------------------------------------------------------------
1 snapshots

[0:00] 100.00%  1 / 1 files deleted

1 snapshots have been removed, running prune
loading indexes...
loading all snapshots...
finding data that is still in use for 11 snapshots
[0:01] 100.00%  11 / 11 snapshots

searching used packs...
collecting packs for deletion and repacking
[0:03] 100.00%  2216 / 2216 packs processed


to repack:         15343 blobs / 348.155 MiB
this removes:       4785 blobs / 321.333 MiB
to delete:             0 blobs / 0 B
total prune:        4785 blobs / 321.333 MiB
remaining:        219418 blobs / 35.496 GiB
unused size after prune: 1.767 GiB (4.98% of remaining size)

repacking packs
[0:07] 100.00%  23 / 23 packs repacked

rebuilding index
[0:01] 100.00%  2196 / 2196 packs processed

deleting obsolete index files
[0:00] 100.00%  3 / 3 files deleted

removing 23 old packs
[0:00] 100.00%  23 / 23 files deleted

done
open repository
lock repository
using parent snapshot f8e51943
load index files
start scan on [/home/kevin]
start backup on [/home/kevin]
scan finished in 2.362s: 92758 files, 19.681 GiB

Files:        8486 new,   499 changed, 83777 unmodified
Dirs:           22 new,   313 changed, 14894 unmodified
Data Blobs:   8809 new
Tree Blobs:    287 new
Added to the repository: 170.133 MiB (50.851 MiB stored)

processed 92762 files, 19.681 GiB in 0:09
snapshot d9f80c20 saved
Applying Policy: keep 7 daily, 4 weekly, 6 monthly snapshots
keep 12 snapshots:
ID        Time                 Host         Tags        Reasons           Paths
-------------------------------------------------------------------------------------
e72d2009  2026-03-01 15:05:35  ubuntu-7050              monthly snapshot  /home/kevin
40419d8c  2026-03-31 02:00:01  ubuntu-7050              monthly snapshot  /home/kevin
dc99c65f  2026-04-19 02:00:01  ubuntu-7050              weekly snapshot   /home/kevin
694fb13c  2026-04-26 02:00:01  ubuntu-7050              weekly snapshot   /home/kevin
fdbecbb8  2026-04-30 02:00:01  ubuntu-7050              monthly snapshot  /home/kevin
af7245bd  2026-05-01 02:00:01  ubuntu-7050              daily snapshot    /home/kevin
f2d9315f  2026-05-02 02:00:01  ubuntu-7050              daily snapshot    /home/kevin
b3e44c58  2026-05-03 02:00:01  ubuntu-7050              daily snapshot    /home/kevin
                                                        weekly snapshot
28ebf90c  2026-05-04 02:00:01  ubuntu-7050              daily snapshot    /home/kevin
eb05fb1d  2026-05-05 02:00:01  ubuntu-7050              daily snapshot    /home/kevin
f8e51943  2026-05-06 02:00:01  ubuntu-7050              daily snapshot    /home/kevin
d9f80c20  2026-05-07 02:00:01  ubuntu-7050              daily snapshot    /home/kevin
                                                        weekly snapshot
                                                        monthly snapshot
-------------------------------------------------------------------------------------
12 snapshots

open repository
lock repository
using parent snapshot d9f80c20
load index files
start scan on [/home/kevin]
start backup on [/home/kevin]
scan finished in 3.880s: 91137 files, 19.682 GiB

Files:       10266 new,   949 changed, 79922 unmodified
Dirs:           84 new,   320 changed, 14906 unmodified
Data Blobs:  11317 new
Tree Blobs:    323 new
Added to the repository: 1.058 GiB (826.070 MiB stored)

processed 91137 files, 19.682 GiB in 0:54
snapshot fea921c4 saved
Applying Policy: keep 7 daily, 4 weekly, 6 monthly snapshots
keep 12 snapshots:
ID        Time                 Host         Tags        Reasons           Paths
-------------------------------------------------------------------------------------
e72d2009  2026-03-01 15:05:35  ubuntu-7050              monthly snapshot  /home/kevin
40419d8c  2026-03-31 02:00:01  ubuntu-7050              monthly snapshot  /home/kevin
dc99c65f  2026-04-19 02:00:01  ubuntu-7050              weekly snapshot   /home/kevin
694fb13c  2026-04-26 02:00:01  ubuntu-7050              weekly snapshot   /home/kevin
fdbecbb8  2026-04-30 02:00:01  ubuntu-7050              monthly snapshot  /home/kevin
f2d9315f  2026-05-02 02:00:01  ubuntu-7050              daily snapshot    /home/kevin
b3e44c58  2026-05-03 02:00:01  ubuntu-7050              daily snapshot    /home/kevin
                                                        weekly snapshot
28ebf90c  2026-05-04 02:00:01  ubuntu-7050              daily snapshot    /home/kevin
eb05fb1d  2026-05-05 02:00:01  ubuntu-7050              daily snapshot    /home/kevin
f8e51943  2026-05-06 02:00:01  ubuntu-7050              daily snapshot    /home/kevin
d9f80c20  2026-05-07 02:00:01  ubuntu-7050              daily snapshot    /home/kevin
fea921c4  2026-05-08 02:00:01  ubuntu-7050              daily snapshot    /home/kevin
                                                        weekly snapshot
                                                        monthly snapshot
-------------------------------------------------------------------------------------
12 snapshots

remove 1 snapshots:
ID        Time                 Host         Tags        Paths
-------------------------------------------------------------------
af7245bd  2026-05-01 02:00:01  ubuntu-7050              /home/kevin
-------------------------------------------------------------------
1 snapshots

[0:00] 100.00%  1 / 1 files deleted

1 snapshots have been removed, running prune
loading indexes...
loading all snapshots...
finding data that is still in use for 12 snapshots
[0:01] 100.00%  12 / 12 snapshots

searching used packs...
collecting packs for deletion and repacking
[0:04] 100.00%  2253 / 2253 packs processed


to repack:           199 blobs / 705.998 KiB
this removes:         14 blobs / 14.530 KiB
to delete:             0 blobs / 0 B
total prune:          14 blobs / 14.530 KiB
remaining:        240140 blobs / 36.351 GiB
unused size after prune: 1.767 GiB (4.86% of remaining size)

repacking packs
[0:00] 100.00%  1 / 1 packs repacked

rebuilding index
[0:01] 100.00%  2253 / 2253 packs processed

deleting obsolete index files
[0:00] 100.00%  4 / 4 files deleted

removing 1 old packs
[0:00] 100.00%  1 / 1 files deleted

done
open repository
lock repository
using parent snapshot fea921c4
load index files
start scan on [/home/kevin]
start backup on [/home/kevin]
scan finished in 2.211s: 92033 files, 19.716 GiB

Files:        5232 new,   415 changed, 86386 unmodified
Dirs:            0 new,   102 changed, 15204 unmodified
Data Blobs:   5039 new
Tree Blobs:     94 new
Added to the repository: 705.241 MiB (549.869 MiB stored)

processed 92033 files, 19.716 GiB in 0:34
snapshot 1cb6ce70 saved
Applying Policy: keep 7 daily, 4 weekly, 6 monthly snapshots
keep 12 snapshots:
ID        Time                 Host         Tags        Reasons           Paths
-------------------------------------------------------------------------------------
e72d2009  2026-03-01 15:05:35  ubuntu-7050              monthly snapshot  /home/kevin
40419d8c  2026-03-31 02:00:01  ubuntu-7050              monthly snapshot  /home/kevin
dc99c65f  2026-04-19 02:00:01  ubuntu-7050              weekly snapshot   /home/kevin
694fb13c  2026-04-26 02:00:01  ubuntu-7050              weekly snapshot   /home/kevin
fdbecbb8  2026-04-30 02:00:01  ubuntu-7050              monthly snapshot  /home/kevin
b3e44c58  2026-05-03 02:00:01  ubuntu-7050              daily snapshot    /home/kevin
                                                        weekly snapshot
28ebf90c  2026-05-04 02:00:01  ubuntu-7050              daily snapshot    /home/kevin
eb05fb1d  2026-05-05 02:00:01  ubuntu-7050              daily snapshot    /home/kevin
f8e51943  2026-05-06 02:00:01  ubuntu-7050              daily snapshot    /home/kevin
d9f80c20  2026-05-07 02:00:01  ubuntu-7050              daily snapshot    /home/kevin
fea921c4  2026-05-08 02:00:01  ubuntu-7050              daily snapshot    /home/kevin
1cb6ce70  2026-05-09 02:00:01  ubuntu-7050              daily snapshot    /home/kevin
                                                        weekly snapshot
                                                        monthly snapshot
-------------------------------------------------------------------------------------
12 snapshots

remove 1 snapshots:
ID        Time                 Host         Tags        Paths
-------------------------------------------------------------------
f2d9315f  2026-05-02 02:00:01  ubuntu-7050              /home/kevin
-------------------------------------------------------------------
1 snapshots

[0:00] 100.00%  1 / 1 files deleted

1 snapshots have been removed, running prune
loading indexes...
loading all snapshots...
finding data that is still in use for 12 snapshots
[0:01] 100.00%  12 / 12 snapshots

searching used packs...
collecting packs for deletion and repacking
[0:02] 100.00%  2289 / 2289 packs processed


to repack:           185 blobs / 690.907 KiB
this removes:          7 blobs / 8.033 KiB
to delete:            14 blobs / 14.502 KiB
total prune:          21 blobs / 22.535 KiB
remaining:        245252 blobs / 36.888 GiB
unused size after prune: 1.768 GiB (4.79% of remaining size)

repacking packs
[0:00] 100.00%  1 / 1 packs repacked

rebuilding index
[0:01] 100.00%  2288 / 2288 packs processed

deleting obsolete index files
[0:00] 100.00%  3 / 3 files deleted

removing 2 old packs
[0:00] 100.00%  2 / 2 files deleted

done
open repository
lock repository
using parent snapshot 1cb6ce70
load index files
start scan on [/home/kevin]
start backup on [/home/kevin]
scan finished in 2.295s: 96918 files, 19.739 GiB

Files:       16668 new,  1122 changed, 79128 unmodified
Dirs:          156 new,   215 changed, 15073 unmodified
Data Blobs:  17778 new
Tree Blobs:    313 new
Added to the repository: 1.101 GiB (700.868 MiB stored)

processed 96918 files, 19.739 GiB in 0:45
snapshot ee430ffa saved
Applying Policy: keep 7 daily, 4 weekly, 6 monthly snapshots
keep 13 snapshots:
ID        Time                 Host         Tags        Reasons           Paths
-------------------------------------------------------------------------------------
e72d2009  2026-03-01 15:05:35  ubuntu-7050              monthly snapshot  /home/kevin
40419d8c  2026-03-31 02:00:01  ubuntu-7050              monthly snapshot  /home/kevin
dc99c65f  2026-04-19 02:00:01  ubuntu-7050              weekly snapshot   /home/kevin
694fb13c  2026-04-26 02:00:01  ubuntu-7050              weekly snapshot   /home/kevin
fdbecbb8  2026-04-30 02:00:01  ubuntu-7050              monthly snapshot  /home/kevin
b3e44c58  2026-05-03 02:00:01  ubuntu-7050              weekly snapshot   /home/kevin
28ebf90c  2026-05-04 02:00:01  ubuntu-7050              daily snapshot    /home/kevin
eb05fb1d  2026-05-05 02:00:01  ubuntu-7050              daily snapshot    /home/kevin
f8e51943  2026-05-06 02:00:01  ubuntu-7050              daily snapshot    /home/kevin
d9f80c20  2026-05-07 02:00:01  ubuntu-7050              daily snapshot    /home/kevin
fea921c4  2026-05-08 02:00:01  ubuntu-7050              daily snapshot    /home/kevin
1cb6ce70  2026-05-09 02:00:01  ubuntu-7050              daily snapshot    /home/kevin
ee430ffa  2026-05-10 02:00:01  ubuntu-7050              daily snapshot    /home/kevin
                                                        weekly snapshot
                                                        monthly snapshot
-------------------------------------------------------------------------------------
13 snapshots

open repository
lock repository
using parent snapshot ee430ffa
load index files
start scan on [/home/kevin]
start backup on [/home/kevin]
scan finished in 2.304s: 94417 files, 19.775 GiB

Files:        3929 new,   994 changed, 89494 unmodified
Dirs:           24 new,   172 changed, 15253 unmodified
Data Blobs:   3041 new
Tree Blobs:    176 new
Added to the repository: 505.279 MiB (323.060 MiB stored)

processed 94417 files, 19.775 GiB in 0:29
snapshot 45020fa0 saved
Applying Policy: keep 7 daily, 4 weekly, 6 monthly snapshots
keep 12 snapshots:
ID        Time                 Host         Tags        Reasons           Paths
-------------------------------------------------------------------------------------
e72d2009  2026-03-01 15:05:35  ubuntu-7050              monthly snapshot  /home/kevin
40419d8c  2026-03-31 02:00:01  ubuntu-7050              monthly snapshot  /home/kevin
694fb13c  2026-04-26 02:00:01  ubuntu-7050              weekly snapshot   /home/kevin
fdbecbb8  2026-04-30 02:00:01  ubuntu-7050              monthly snapshot  /home/kevin
b3e44c58  2026-05-03 02:00:01  ubuntu-7050              weekly snapshot   /home/kevin
eb05fb1d  2026-05-05 02:00:01  ubuntu-7050              daily snapshot    /home/kevin
f8e51943  2026-05-06 02:00:01  ubuntu-7050              daily snapshot    /home/kevin
d9f80c20  2026-05-07 02:00:01  ubuntu-7050              daily snapshot    /home/kevin
fea921c4  2026-05-08 02:00:01  ubuntu-7050              daily snapshot    /home/kevin
1cb6ce70  2026-05-09 02:00:01  ubuntu-7050              daily snapshot    /home/kevin
ee430ffa  2026-05-10 02:00:01  ubuntu-7050              daily snapshot    /home/kevin
                                                        weekly snapshot
45020fa0  2026-05-11 02:00:01  ubuntu-7050              daily snapshot    /home/kevin
                                                        weekly snapshot
                                                        monthly snapshot
-------------------------------------------------------------------------------------
12 snapshots

remove 2 snapshots:
ID        Time                 Host         Tags        Paths
-------------------------------------------------------------------
dc99c65f  2026-04-19 02:00:01  ubuntu-7050              /home/kevin
28ebf90c  2026-05-04 02:00:01  ubuntu-7050              /home/kevin
-------------------------------------------------------------------
2 snapshots

[0:00] 100.00%  2 / 2 files deleted

2 snapshots have been removed, running prune
loading indexes...
loading all snapshots...
finding data that is still in use for 12 snapshots
[0:01] 100.00%  12 / 12 snapshots

searching used packs...
collecting packs for deletion and repacking
[0:03] 100.00%  2354 / 2354 packs processed


to repack:         11652 blobs / 9.186 MiB
this removes:        487 blobs / 491.092 KiB
to delete:         11632 blobs / 871.330 MiB
total prune:       12119 blobs / 871.810 MiB
remaining:        254441 blobs / 37.036 GiB
unused size after prune: 1.613 GiB (4.36% of remaining size)

repacking packs
[0:02] 100.00%  3 / 3 packs repacked

rebuilding index
[0:01] 100.00%  2298 / 2298 packs processed

deleting obsolete index files
[0:00] 100.00%  4 / 4 files deleted

removing 57 old packs
[0:00] 100.00%  57 / 57 files deleted

done
open repository
lock repository
using parent snapshot 45020fa0
load index files
start scan on [/home/kevin]
start backup on [/home/kevin]
scan finished in 2.234s: 85998 files, 19.844 GiB

Files:        5382 new,   911 changed, 79705 unmodified
Dirs:          234 new,   473 changed, 14766 unmodified
Data Blobs:   5943 new
Tree Blobs:    622 new
Added to the repository: 963.980 MiB (647.964 MiB stored)

processed 85998 files, 19.844 GiB in 0:46
snapshot f52b3815 saved
Applying Policy: keep 7 daily, 4 weekly, 6 monthly snapshots
keep 12 snapshots:
ID        Time                 Host         Tags        Reasons           Paths
-------------------------------------------------------------------------------------
e72d2009  2026-03-01 15:05:35  ubuntu-7050              monthly snapshot  /home/kevin
40419d8c  2026-03-31 02:00:01  ubuntu-7050              monthly snapshot  /home/kevin
694fb13c  2026-04-26 02:00:01  ubuntu-7050              weekly snapshot   /home/kevin
fdbecbb8  2026-04-30 02:00:01  ubuntu-7050              monthly snapshot  /home/kevin
b3e44c58  2026-05-03 02:00:01  ubuntu-7050              weekly snapshot   /home/kevin
f8e51943  2026-05-06 02:00:01  ubuntu-7050              daily snapshot    /home/kevin
d9f80c20  2026-05-07 02:00:01  ubuntu-7050              daily snapshot    /home/kevin
fea921c4  2026-05-08 02:00:01  ubuntu-7050              daily snapshot    /home/kevin
1cb6ce70  2026-05-09 02:00:01  ubuntu-7050              daily snapshot    /home/kevin
ee430ffa  2026-05-10 02:00:01  ubuntu-7050              daily snapshot    /home/kevin
                                                        weekly snapshot
45020fa0  2026-05-11 02:00:01  ubuntu-7050              daily snapshot    /home/kevin
f52b3815  2026-05-12 02:00:01  ubuntu-7050              daily snapshot    /home/kevin
                                                        weekly snapshot
                                                        monthly snapshot
-------------------------------------------------------------------------------------
12 snapshots

remove 1 snapshots:
ID        Time                 Host         Tags        Paths
-------------------------------------------------------------------
eb05fb1d  2026-05-05 02:00:01  ubuntu-7050              /home/kevin
-------------------------------------------------------------------
1 snapshots

[0:00] 100.00%  1 / 1 files deleted

1 snapshots have been removed, running prune
loading indexes...
loading all snapshots...
finding data that is still in use for 12 snapshots
[0:02] 100.00%  12 / 12 snapshots

searching used packs...
collecting packs for deletion and repacking
[0:03] 100.00%  2339 / 2339 packs processed


to repack:         11165 blobs / 8.688 MiB
this removes:        183 blobs / 712.789 KiB
to delete:            14 blobs / 14.573 KiB
total prune:         197 blobs / 727.362 KiB
remaining:        260809 blobs / 37.668 GiB
unused size after prune: 1.642 GiB (4.36% of remaining size)

repacking packs
[0:02] 100.00%  1 / 1 packs repacked

rebuilding index
[0:01] 100.00%  2338 / 2338 packs processed

deleting obsolete index files
[0:00] 100.00%  3 / 3 files deleted

removing 2 old packs
[0:00] 100.00%  2 / 2 files deleted

done
open repository
lock repository
using parent snapshot f52b3815
load index files
start scan on [/home/kevin]
start backup on [/home/kevin]
scan finished in 2.240s: 86475 files, 29.793 GiB

Files:        4393 new,  1957 changed, 80125 unmodified
Dirs:           70 new,   467 changed, 15003 unmodified
Data Blobs:  13063 new
Tree Blobs:    463 new
Added to the repository: 6.754 GiB (3.319 GiB stored)

processed 86475 files, 29.793 GiB in 3:47
snapshot bccd139a saved
Applying Policy: keep 7 daily, 4 weekly, 6 monthly snapshots
keep 12 snapshots:
ID        Time                 Host         Tags        Reasons           Paths
-------------------------------------------------------------------------------------
e72d2009  2026-03-01 15:05:35  ubuntu-7050              monthly snapshot  /home/kevin
40419d8c  2026-03-31 02:00:01  ubuntu-7050              monthly snapshot  /home/kevin
694fb13c  2026-04-26 02:00:01  ubuntu-7050              weekly snapshot   /home/kevin
fdbecbb8  2026-04-30 02:00:01  ubuntu-7050              monthly snapshot  /home/kevin
b3e44c58  2026-05-03 02:00:01  ubuntu-7050              weekly snapshot   /home/kevin
d9f80c20  2026-05-07 02:00:01  ubuntu-7050              daily snapshot    /home/kevin
fea921c4  2026-05-08 02:00:01  ubuntu-7050              daily snapshot    /home/kevin
1cb6ce70  2026-05-09 02:00:01  ubuntu-7050              daily snapshot    /home/kevin
ee430ffa  2026-05-10 02:00:01  ubuntu-7050              daily snapshot    /home/kevin
                                                        weekly snapshot
45020fa0  2026-05-11 02:00:01  ubuntu-7050              daily snapshot    /home/kevin
f52b3815  2026-05-12 02:00:01  ubuntu-7050              daily snapshot    /home/kevin
bccd139a  2026-05-13 02:00:01  ubuntu-7050              daily snapshot    /home/kevin
                                                        weekly snapshot
                                                        monthly snapshot
-------------------------------------------------------------------------------------
12 snapshots

remove 1 snapshots:
ID        Time                 Host         Tags        Paths
-------------------------------------------------------------------
f8e51943  2026-05-06 02:00:01  ubuntu-7050              /home/kevin
-------------------------------------------------------------------
1 snapshots

[0:00] 100.00%  1 / 1 files deleted

1 snapshots have been removed, running prune
loading indexes...
loading all snapshots...
finding data that is still in use for 12 snapshots
[0:01] 100.00%  12 / 12 snapshots

searching used packs...
collecting packs for deletion and repacking
[0:03] 100.00%  2546 / 2546 packs processed


to repack:         11214 blobs / 8.756 MiB
this removes:        200 blobs / 716.920 KiB
to delete:             0 blobs / 0 B
total prune:         200 blobs / 716.920 KiB
remaining:        274135 blobs / 40.986 GiB
unused size after prune: 1.663 GiB (4.06% of remaining size)

repacking packs
[0:02] 100.00%  2 / 2 packs repacked

rebuilding index
[0:01] 100.00%  2545 / 2545 packs processed

deleting obsolete index files
[0:00] 100.00%  3 / 3 files deleted

removing 2 old packs
[0:00] 100.00%  2 / 2 files deleted

done
open repository
lock repository
using parent snapshot bccd139a
load index files
start scan on [/home/kevin]
start backup on [/home/kevin]
scan finished in 2.542s: 88401 files, 36.215 GiB

Files:        6572 new,   921 changed, 80908 unmodified
Dirs:          120 new,   215 changed, 15293 unmodified
Data Blobs:  15186 new
Tree Blobs:    284 new
Added to the repository: 5.869 GiB (2.498 GiB stored)

processed 88401 files, 36.215 GiB in 2:55
snapshot dc783c35 saved
Applying Policy: keep 7 daily, 4 weekly, 6 monthly snapshots
keep 12 snapshots:
ID        Time                 Host         Tags        Reasons           Paths
-------------------------------------------------------------------------------------
e72d2009  2026-03-01 15:05:35  ubuntu-7050              monthly snapshot  /home/kevin
40419d8c  2026-03-31 02:00:01  ubuntu-7050              monthly snapshot  /home/kevin
694fb13c  2026-04-26 02:00:01  ubuntu-7050              weekly snapshot   /home/kevin
fdbecbb8  2026-04-30 02:00:01  ubuntu-7050              monthly snapshot  /home/kevin
b3e44c58  2026-05-03 02:00:01  ubuntu-7050              weekly snapshot   /home/kevin
fea921c4  2026-05-08 02:00:01  ubuntu-7050              daily snapshot    /home/kevin
1cb6ce70  2026-05-09 02:00:01  ubuntu-7050              daily snapshot    /home/kevin
ee430ffa  2026-05-10 02:00:01  ubuntu-7050              daily snapshot    /home/kevin
                                                        weekly snapshot
45020fa0  2026-05-11 02:00:01  ubuntu-7050              daily snapshot    /home/kevin
f52b3815  2026-05-12 02:00:01  ubuntu-7050              daily snapshot    /home/kevin
bccd139a  2026-05-13 02:00:01  ubuntu-7050              daily snapshot    /home/kevin
dc783c35  2026-05-14 02:00:01  ubuntu-7050              daily snapshot    /home/kevin
                                                        weekly snapshot
                                                        monthly snapshot
-------------------------------------------------------------------------------------
12 snapshots

remove 1 snapshots:
ID        Time                 Host         Tags        Paths
-------------------------------------------------------------------
d9f80c20  2026-05-07 02:00:01  ubuntu-7050              /home/kevin
-------------------------------------------------------------------
1 snapshots

[0:00] 100.00%  1 / 1 files deleted

1 snapshots have been removed, running prune
loading indexes...
loading all snapshots...
finding data that is still in use for 12 snapshots
[0:02] 100.00%  12 / 12 snapshots

searching used packs...
collecting packs for deletion and repacking
[0:03] 100.00%  2703 / 2703 packs processed


to repack:         11301 blobs / 9.356 MiB
this removes:        213 blobs / 1.246 MiB
to delete:           162 blobs / 18.163 MiB
total prune:         375 blobs / 19.409 MiB
remaining:        289230 blobs / 43.464 GiB
unused size after prune: 2.097 GiB (4.83% of remaining size)

repacking packs
[0:02] 100.00%  2 / 2 packs repacked

rebuilding index
[0:01] 100.00%  2699 / 2699 packs processed

deleting obsolete index files
[0:00] 100.00%  3 / 3 files deleted

removing 5 old packs
[0:00] 100.00%  5 / 5 files deleted

done
open repository
lock repository
using parent snapshot dc783c35
load index files
start scan on [/home/kevin]
start backup on [/home/kevin]
scan finished in 2.537s: 91843 files, 37.499 GiB

Files:        8851 new,  1264 changed, 81728 unmodified
Dirs:          219 new,   408 changed, 15209 unmodified
Data Blobs:  11078 new
Tree Blobs:    562 new
Added to the repository: 2.215 GiB (936.472 MiB stored)

processed 91843 files, 37.499 GiB in 1:27
snapshot 1234623e saved
Applying Policy: keep 7 daily, 4 weekly, 6 monthly snapshots
keep 12 snapshots:
ID        Time                 Host         Tags        Reasons           Paths
-------------------------------------------------------------------------------------
e72d2009  2026-03-01 15:05:35  ubuntu-7050              monthly snapshot  /home/kevin
40419d8c  2026-03-31 02:00:01  ubuntu-7050              monthly snapshot  /home/kevin
694fb13c  2026-04-26 02:00:01  ubuntu-7050              weekly snapshot   /home/kevin
fdbecbb8  2026-04-30 02:00:01  ubuntu-7050              monthly snapshot  /home/kevin
b3e44c58  2026-05-03 02:00:01  ubuntu-7050              weekly snapshot   /home/kevin
1cb6ce70  2026-05-09 02:00:01  ubuntu-7050              daily snapshot    /home/kevin
ee430ffa  2026-05-10 02:00:01  ubuntu-7050              daily snapshot    /home/kevin
                                                        weekly snapshot
45020fa0  2026-05-11 02:00:01  ubuntu-7050              daily snapshot    /home/kevin
f52b3815  2026-05-12 02:00:01  ubuntu-7050              daily snapshot    /home/kevin
bccd139a  2026-05-13 02:00:01  ubuntu-7050              daily snapshot    /home/kevin
dc783c35  2026-05-14 02:00:01  ubuntu-7050              daily snapshot    /home/kevin
1234623e  2026-05-15 02:00:01  ubuntu-7050              daily snapshot    /home/kevin
                                                        weekly snapshot
                                                        monthly snapshot
-------------------------------------------------------------------------------------
12 snapshots

remove 1 snapshots:
ID        Time                 Host         Tags        Paths
-------------------------------------------------------------------
fea921c4  2026-05-08 02:00:01  ubuntu-7050              /home/kevin
-------------------------------------------------------------------
1 snapshots

[0:00] 100.00%  1 / 1 files deleted

1 snapshots have been removed, running prune
loading indexes...
loading all snapshots...
finding data that is still in use for 12 snapshots
[0:02] 100.00%  12 / 12 snapshots

searching used packs...
collecting packs for deletion and repacking
[0:03] 100.00%  2757 / 2757 packs processed


to repack:         15999 blobs / 453.776 MiB
this removes:       4546 blobs / 441.856 MiB
to delete:            76 blobs / 4.949 MiB
total prune:        4622 blobs / 446.805 MiB
remaining:        296248 blobs / 43.942 GiB
unused size after prune: 2.185 GiB (4.97% of remaining size)

repacking packs
[0:03] 100.00%  29 / 29 packs repacked

rebuilding index
[0:01] 100.00%  2729 / 2729 packs processed

deleting obsolete index files
[0:00] 100.00%  3 / 3 files deleted

removing 30 old packs
[0:00] 100.00%  30 / 30 files deleted

done
open repository
lock repository
using parent snapshot 1234623e
load index files
start scan on [/home/kevin]
start backup on [/home/kevin]
scan finished in 2.315s: 91843 files, 38.943 GiB

Files:           0 new,    13 changed, 91830 unmodified
Dirs:            0 new,    19 changed, 15817 unmodified
Data Blobs:   2066 new
Tree Blobs:     18 new
Added to the repository: 1.612 GiB (509.743 MiB stored)

processed 91843 files, 38.943 GiB in 1:10
snapshot 9e7f3002 saved
Applying Policy: keep 7 daily, 4 weekly, 6 monthly snapshots
keep 12 snapshots:
ID        Time                 Host         Tags        Reasons           Paths
-------------------------------------------------------------------------------------
e72d2009  2026-03-01 15:05:35  ubuntu-7050              monthly snapshot  /home/kevin
40419d8c  2026-03-31 02:00:01  ubuntu-7050              monthly snapshot  /home/kevin
694fb13c  2026-04-26 02:00:01  ubuntu-7050              weekly snapshot   /home/kevin
fdbecbb8  2026-04-30 02:00:01  ubuntu-7050              monthly snapshot  /home/kevin
b3e44c58  2026-05-03 02:00:01  ubuntu-7050              weekly snapshot   /home/kevin
ee430ffa  2026-05-10 02:00:01  ubuntu-7050              daily snapshot    /home/kevin
                                                        weekly snapshot
45020fa0  2026-05-11 02:00:01  ubuntu-7050              daily snapshot    /home/kevin
f52b3815  2026-05-12 02:00:01  ubuntu-7050              daily snapshot    /home/kevin
bccd139a  2026-05-13 02:00:01  ubuntu-7050              daily snapshot    /home/kevin
dc783c35  2026-05-14 02:00:01  ubuntu-7050              daily snapshot    /home/kevin
1234623e  2026-05-15 02:00:01  ubuntu-7050              daily snapshot    /home/kevin
9e7f3002  2026-05-16 02:00:01  ubuntu-7050              daily snapshot    /home/kevin
                                                        weekly snapshot
                                                        monthly snapshot
-------------------------------------------------------------------------------------
12 snapshots

remove 1 snapshots:
ID        Time                 Host         Tags        Paths
-------------------------------------------------------------------
1cb6ce70  2026-05-09 02:00:01  ubuntu-7050              /home/kevin
-------------------------------------------------------------------
1 snapshots

[0:00] 100.00%  1 / 1 files deleted

1 snapshots have been removed, running prune
loading indexes...
loading all snapshots...
finding data that is still in use for 12 snapshots
[0:02] 100.00%  12 / 12 snapshots

searching used packs...
collecting packs for deletion and repacking
[0:03] 100.00%  2762 / 2762 packs processed


to repack:         18602 blobs / 577.173 MiB
this removes:       7101 blobs / 565.118 MiB
to delete:          2112 blobs / 244.091 MiB
total prune:        9213 blobs / 809.209 MiB
remaining:        289119 blobs / 43.649 GiB
unused size after prune: 2.170 GiB (4.97% of remaining size)

repacking packs
[0:03] 100.00%  37 / 37 packs repacked

rebuilding index
[0:01] 100.00%  2711 / 2711 packs processed

deleting obsolete index files
[0:00] 100.00%  3 / 3 files deleted

removing 53 old packs
[0:00] 100.00%  53 / 53 files deleted

done
open repository
lock repository
using parent snapshot 9e7f3002
load index files
start scan on [/home/kevin]
start backup on [/home/kevin]
scan finished in 2.377s: 91843 files, 40.292 GiB

Files:           0 new,    13 changed, 91830 unmodified
Dirs:            0 new,    19 changed, 15817 unmodified
Data Blobs:   1987 new
Tree Blobs:     18 new
Added to the repository: 1.363 GiB (368.693 MiB stored)

processed 91843 files, 40.292 GiB in 1:05
snapshot 8515e5b7 saved
Applying Policy: keep 7 daily, 4 weekly, 6 monthly snapshots
keep 13 snapshots:
ID        Time                 Host         Tags        Reasons           Paths
-------------------------------------------------------------------------------------
e72d2009  2026-03-01 15:05:35  ubuntu-7050              monthly snapshot  /home/kevin
40419d8c  2026-03-31 02:00:01  ubuntu-7050              monthly snapshot  /home/kevin
694fb13c  2026-04-26 02:00:01  ubuntu-7050              weekly snapshot   /home/kevin
fdbecbb8  2026-04-30 02:00:01  ubuntu-7050              monthly snapshot  /home/kevin
b3e44c58  2026-05-03 02:00:01  ubuntu-7050              weekly snapshot   /home/kevin
ee430ffa  2026-05-10 02:00:01  ubuntu-7050              weekly snapshot   /home/kevin
45020fa0  2026-05-11 02:00:01  ubuntu-7050              daily snapshot    /home/kevin
f52b3815  2026-05-12 02:00:01  ubuntu-7050              daily snapshot    /home/kevin
bccd139a  2026-05-13 02:00:01  ubuntu-7050              daily snapshot    /home/kevin
dc783c35  2026-05-14 02:00:01  ubuntu-7050              daily snapshot    /home/kevin
1234623e  2026-05-15 02:00:01  ubuntu-7050              daily snapshot    /home/kevin
9e7f3002  2026-05-16 02:00:01  ubuntu-7050              daily snapshot    /home/kevin
8515e5b7  2026-05-17 02:00:01  ubuntu-7050              daily snapshot    /home/kevin
                                                        weekly snapshot
                                                        monthly snapshot
-------------------------------------------------------------------------------------
13 snapshots

open repository
lock repository
using parent snapshot 8515e5b7
load index files
start scan on [/home/kevin]
start backup on [/home/kevin]
scan finished in 3.868s: 82516 files, 39.464 GiB

Files:         701 new,   751 changed, 81064 unmodified
Dirs:            0 new,   198 changed, 15631 unmodified
Data Blobs:   2151 new
Tree Blobs:    180 new
Added to the repository: 677.830 MiB (141.835 MiB stored)

processed 82516 files, 39.464 GiB in 1:02
snapshot 7ed66990 saved
Applying Policy: keep 7 daily, 4 weekly, 6 monthly snapshots
keep 12 snapshots:
ID        Time                 Host         Tags        Reasons           Paths
-------------------------------------------------------------------------------------
e72d2009  2026-03-01 15:05:35  ubuntu-7050              monthly snapshot  /home/kevin
40419d8c  2026-03-31 02:00:01  ubuntu-7050              monthly snapshot  /home/kevin
fdbecbb8  2026-04-30 02:00:01  ubuntu-7050              monthly snapshot  /home/kevin
b3e44c58  2026-05-03 02:00:01  ubuntu-7050              weekly snapshot   /home/kevin
ee430ffa  2026-05-10 02:00:01  ubuntu-7050              weekly snapshot   /home/kevin
f52b3815  2026-05-12 02:00:01  ubuntu-7050              daily snapshot    /home/kevin
bccd139a  2026-05-13 02:00:01  ubuntu-7050              daily snapshot    /home/kevin
dc783c35  2026-05-14 02:00:01  ubuntu-7050              daily snapshot    /home/kevin
1234623e  2026-05-15 02:00:01  ubuntu-7050              daily snapshot    /home/kevin
9e7f3002  2026-05-16 02:00:01  ubuntu-7050              daily snapshot    /home/kevin
8515e5b7  2026-05-17 02:00:01  ubuntu-7050              daily snapshot    /home/kevin
                                                        weekly snapshot
7ed66990  2026-05-18 02:00:01  ubuntu-7050              daily snapshot    /home/kevin
                                                        weekly snapshot
                                                        monthly snapshot
-------------------------------------------------------------------------------------
12 snapshots

remove 2 snapshots:
ID        Time                 Host         Tags        Paths
-------------------------------------------------------------------
694fb13c  2026-04-26 02:00:01  ubuntu-7050              /home/kevin
45020fa0  2026-05-11 02:00:01  ubuntu-7050              /home/kevin
-------------------------------------------------------------------
2 snapshots

[0:00] 100.00%  2 / 2 files deleted

2 snapshots have been removed, running prune
loading indexes...
loading all snapshots...
finding data that is still in use for 12 snapshots
[0:02] 100.00%  12 / 12 snapshots

searching used packs...
collecting packs for deletion and repacking
[0:03] 100.00%  2745 / 2745 packs processed


to repack:         27729 blobs / 509.610 MiB
this removes:      15636 blobs / 489.960 MiB
to delete:          4179 blobs / 309.138 MiB
total prune:       19815 blobs / 799.098 MiB
remaining:        273640 blobs / 43.367 GiB
unused size after prune: 2.167 GiB (5.00% of remaining size)

repacking packs
[0:05] 100.00%  36 / 36 packs repacked

rebuilding index
[0:02] 100.00%  2691 / 2691 packs processed

deleting obsolete index files
[0:00] 100.00%  4 / 4 files deleted

removing 56 old packs
[0:00] 100.00%  56 / 56 files deleted

done
open repository
lock repository
using parent snapshot 7ed66990
load index files
start scan on [/home/kevin]
start backup on [/home/kevin]
scan finished in 3.184s: 91040 files, 40.386 GiB

Files:        9228 new,   762 changed, 81050 unmodified
Dirs:          209 new,   414 changed, 15414 unmodified
Data Blobs:   9055 new
Tree Blobs:    503 new
Added to the repository: 1.093 GiB (791.102 MiB stored)

processed 91040 files, 40.386 GiB in 0:50
snapshot f5ea443b saved
Applying Policy: keep 7 daily, 4 weekly, 6 monthly snapshots
keep 12 snapshots:
ID        Time                 Host         Tags        Reasons           Paths
-------------------------------------------------------------------------------------
e72d2009  2026-03-01 15:05:35  ubuntu-7050              monthly snapshot  /home/kevin
40419d8c  2026-03-31 02:00:01  ubuntu-7050              monthly snapshot  /home/kevin
fdbecbb8  2026-04-30 02:00:01  ubuntu-7050              monthly snapshot  /home/kevin
b3e44c58  2026-05-03 02:00:01  ubuntu-7050              weekly snapshot   /home/kevin
ee430ffa  2026-05-10 02:00:01  ubuntu-7050              weekly snapshot   /home/kevin
bccd139a  2026-05-13 02:00:01  ubuntu-7050              daily snapshot    /home/kevin
dc783c35  2026-05-14 02:00:01  ubuntu-7050              daily snapshot    /home/kevin
1234623e  2026-05-15 02:00:01  ubuntu-7050              daily snapshot    /home/kevin
9e7f3002  2026-05-16 02:00:01  ubuntu-7050              daily snapshot    /home/kevin
8515e5b7  2026-05-17 02:00:01  ubuntu-7050              daily snapshot    /home/kevin
                                                        weekly snapshot
7ed66990  2026-05-18 02:00:01  ubuntu-7050              daily snapshot    /home/kevin
f5ea443b  2026-05-19 02:00:01  ubuntu-7050              daily snapshot    /home/kevin
                                                        weekly snapshot
                                                        monthly snapshot
-------------------------------------------------------------------------------------
12 snapshots

remove 1 snapshots:
ID        Time                 Host         Tags        Paths
-------------------------------------------------------------------
f52b3815  2026-05-12 02:00:01  ubuntu-7050              /home/kevin
-------------------------------------------------------------------
1 snapshots

[0:00] 100.00%  1 / 1 files deleted

1 snapshots have been removed, running prune
loading indexes...
loading all snapshots...
finding data that is still in use for 12 snapshots
[0:01] 100.00%  12 / 12 snapshots

searching used packs...
collecting packs for deletion and repacking
[0:03] 100.00%  2741 / 2741 packs processed


to repack:         17447 blobs / 438.501 MiB
this removes:       5007 blobs / 415.076 MiB
to delete:             0 blobs / 0 B
total prune:        5007 blobs / 415.076 MiB
remaining:        278191 blobs / 43.734 GiB
unused size after prune: 2.180 GiB (4.99% of remaining size)

repacking packs
[0:05] 100.00%  28 / 28 packs repacked

rebuilding index
[0:01] 100.00%  2715 / 2715 packs processed

deleting obsolete index files
[0:00] 100.00%  3 / 3 files deleted

removing 28 old packs
[0:00] 100.00%  28 / 28 files deleted

done
open repository
lock repository
using parent snapshot f5ea443b
load index files
start scan on [/home/kevin]
start backup on [/home/kevin]
scan finished in 2.346s: 89110 files, 40.476 GiB

Files:        1870 new,   731 changed, 86509 unmodified
Dirs:           14 new,   447 changed, 15583 unmodified
Data Blobs:   2112 new
Tree Blobs:    407 new
Added to the repository: 362.460 MiB (145.685 MiB stored)

processed 89110 files, 40.476 GiB in 0:21
snapshot 9902ec4a saved
Applying Policy: keep 7 daily, 4 weekly, 6 monthly snapshots
keep 12 snapshots:
ID        Time                 Host         Tags        Reasons           Paths
-------------------------------------------------------------------------------------
e72d2009  2026-03-01 15:05:35  ubuntu-7050              monthly snapshot  /home/kevin
40419d8c  2026-03-31 02:00:01  ubuntu-7050              monthly snapshot  /home/kevin
fdbecbb8  2026-04-30 02:00:01  ubuntu-7050              monthly snapshot  /home/kevin
b3e44c58  2026-05-03 02:00:01  ubuntu-7050              weekly snapshot   /home/kevin
ee430ffa  2026-05-10 02:00:01  ubuntu-7050              weekly snapshot   /home/kevin
dc783c35  2026-05-14 02:00:01  ubuntu-7050              daily snapshot    /home/kevin
1234623e  2026-05-15 02:00:01  ubuntu-7050              daily snapshot    /home/kevin
9e7f3002  2026-05-16 02:00:01  ubuntu-7050              daily snapshot    /home/kevin
8515e5b7  2026-05-17 02:00:01  ubuntu-7050              daily snapshot    /home/kevin
                                                        weekly snapshot
7ed66990  2026-05-18 02:00:01  ubuntu-7050              daily snapshot    /home/kevin
f5ea443b  2026-05-19 02:00:01  ubuntu-7050              daily snapshot    /home/kevin
9902ec4a  2026-05-20 02:00:02  ubuntu-7050              daily snapshot    /home/kevin
                                                        weekly snapshot
                                                        monthly snapshot
-------------------------------------------------------------------------------------
12 snapshots

remove 1 snapshots:
ID        Time                 Host         Tags        Paths
-------------------------------------------------------------------
bccd139a  2026-05-13 02:00:01  ubuntu-7050              /home/kevin
-------------------------------------------------------------------
1 snapshots

[0:00] 100.00%  1 / 1 files deleted

1 snapshots have been removed, running prune
loading indexes...
loading all snapshots...
finding data that is still in use for 12 snapshots
[0:02] 100.00%  12 / 12 snapshots

searching used packs...
collecting packs for deletion and repacking
[0:03] 100.00%  2725 / 2725 packs processed


to repack:         19060 blobs / 576.594 MiB
this removes:       6384 blobs / 543.946 MiB
to delete:           164 blobs / 16.018 MiB
total prune:        6548 blobs / 559.965 MiB
remaining:        274162 blobs / 43.329 GiB
unused size after prune: 2.163 GiB (4.99% of remaining size)

repacking packs
[0:07] 100.00%  37 / 37 packs repacked

rebuilding index
[0:02] 100.00%  2690 / 2690 packs processed

deleting obsolete index files
[0:00] 100.00%  3 / 3 files deleted

removing 38 old packs
[0:00] 100.00%  38 / 38 files deleted

done
open repository
lock repository
using parent snapshot 9902ec4a
load index files
start scan on [/home/kevin]
start backup on [/home/kevin]
scan finished in 4.088s: 83212 files, 39.418 GiB

Files:        1210 new,   603 changed, 81399 unmodified
Dirs:           46 new,   411 changed, 15632 unmodified
Data Blobs:   1771 new
Tree Blobs:    394 new
Added to the repository: 208.128 MiB (73.010 MiB stored)

processed 83212 files, 39.418 GiB in 0:14
snapshot 6661be39 saved
Applying Policy: keep 7 daily, 4 weekly, 6 monthly snapshots
keep 12 snapshots:
ID        Time                 Host         Tags        Reasons           Paths
-------------------------------------------------------------------------------------
e72d2009  2026-03-01 15:05:35  ubuntu-7050              monthly snapshot  /home/kevin
40419d8c  2026-03-31 02:00:01  ubuntu-7050              monthly snapshot  /home/kevin
fdbecbb8  2026-04-30 02:00:01  ubuntu-7050              monthly snapshot  /home/kevin
b3e44c58  2026-05-03 02:00:01  ubuntu-7050              weekly snapshot   /home/kevin
ee430ffa  2026-05-10 02:00:01  ubuntu-7050              weekly snapshot   /home/kevin
1234623e  2026-05-15 02:00:01  ubuntu-7050              daily snapshot    /home/kevin
9e7f3002  2026-05-16 02:00:01  ubuntu-7050              daily snapshot    /home/kevin
8515e5b7  2026-05-17 02:00:01  ubuntu-7050              daily snapshot    /home/kevin
                                                        weekly snapshot
7ed66990  2026-05-18 02:00:01  ubuntu-7050              daily snapshot    /home/kevin
f5ea443b  2026-05-19 02:00:01  ubuntu-7050              daily snapshot    /home/kevin
9902ec4a  2026-05-20 02:00:02  ubuntu-7050              daily snapshot    /home/kevin
6661be39  2026-05-21 02:00:01  ubuntu-7050              daily snapshot    /home/kevin
                                                        weekly snapshot
                                                        monthly snapshot
-------------------------------------------------------------------------------------
12 snapshots

remove 1 snapshots:
ID        Time                 Host         Tags        Paths
-------------------------------------------------------------------
dc783c35  2026-05-14 02:00:01  ubuntu-7050              /home/kevin
-------------------------------------------------------------------
1 snapshots

[0:00] 100.00%  1 / 1 files deleted

1 snapshots have been removed, running prune
loading indexes...
loading all snapshots...
finding data that is still in use for 12 snapshots
[0:01] 100.00%  12 / 12 snapshots

searching used packs...
collecting packs for deletion and repacking
[0:03] 100.00%  2696 / 2696 packs processed


to repack:         20953 blobs / 647.514 MiB
this removes:       8044 blobs / 597.670 MiB
to delete:           165 blobs / 16.564 MiB
total prune:        8209 blobs / 614.234 MiB
remaining:        268118 blobs / 42.801 GiB
unused size after prune: 2.131 GiB (4.98% of remaining size)

repacking packs
[0:10] 100.00%  42 / 42 packs repacked

rebuilding index
[0:01] 100.00%  2657 / 2657 packs processed

deleting obsolete index files
[0:00] 100.00%  3 / 3 files deleted

removing 43 old packs
[0:00] 100.00%  43 / 43 files deleted

done
open repository
lock repository
using parent snapshot 6661be39
load index files
start scan on [/home/kevin]
start backup on [/home/kevin]
scan finished in 2.209s: 86321 files, 39.642 GiB

Files:        3132 new,   635 changed, 82554 unmodified
Dirs:           19 new,   199 changed, 15884 unmodified
Data Blobs:   3932 new
Tree Blobs:    193 new
Added to the repository: 384.633 MiB (178.918 MiB stored)

processed 86321 files, 39.642 GiB in 0:16
snapshot 5735be4b saved
Applying Policy: keep 7 daily, 4 weekly, 6 monthly snapshots
keep 12 snapshots:
ID        Time                 Host         Tags        Reasons           Paths
-------------------------------------------------------------------------------------
e72d2009  2026-03-01 15:05:35  ubuntu-7050              monthly snapshot  /home/kevin
40419d8c  2026-03-31 02:00:01  ubuntu-7050              monthly snapshot  /home/kevin
fdbecbb8  2026-04-30 02:00:01  ubuntu-7050              monthly snapshot  /home/kevin
b3e44c58  2026-05-03 02:00:01  ubuntu-7050              weekly snapshot   /home/kevin
ee430ffa  2026-05-10 02:00:01  ubuntu-7050              weekly snapshot   /home/kevin
9e7f3002  2026-05-16 02:00:01  ubuntu-7050              daily snapshot    /home/kevin
8515e5b7  2026-05-17 02:00:01  ubuntu-7050              daily snapshot    /home/kevin
                                                        weekly snapshot
7ed66990  2026-05-18 02:00:01  ubuntu-7050              daily snapshot    /home/kevin
f5ea443b  2026-05-19 02:00:01  ubuntu-7050              daily snapshot    /home/kevin
9902ec4a  2026-05-20 02:00:02  ubuntu-7050              daily snapshot    /home/kevin
6661be39  2026-05-21 02:00:01  ubuntu-7050              daily snapshot    /home/kevin
5735be4b  2026-05-22 02:00:01  ubuntu-7050              daily snapshot    /home/kevin
                                                        weekly snapshot
                                                        monthly snapshot
-------------------------------------------------------------------------------------
12 snapshots

remove 1 snapshots:
ID        Time                 Host         Tags        Paths
-------------------------------------------------------------------
1234623e  2026-05-15 02:00:01  ubuntu-7050              /home/kevin
-------------------------------------------------------------------
1 snapshots

[0:00] 100.00%  1 / 1 files deleted

1 snapshots have been removed, running prune
loading indexes...
loading all snapshots...
finding data that is still in use for 12 snapshots
[0:01] 100.00%  12 / 12 snapshots

searching used packs...
collecting packs for deletion and repacking
[0:03] 100.00%  2669 / 2669 packs processed


to repack:          1210 blobs / 51.004 MiB
this removes:        613 blobs / 44.444 MiB
to delete:             0 blobs / 0 B
total prune:         613 blobs / 44.444 MiB
remaining:        271630 blobs / 42.932 GiB
unused size after prune: 2.145 GiB (5.00% of remaining size)

repacking packs
[0:01] 100.00%  4 / 4 packs repacked

rebuilding index
[0:01] 100.00%  2667 / 2667 packs processed

deleting obsolete index files
[0:00] 100.00%  3 / 3 files deleted

removing 4 old packs
[0:00] 100.00%  4 / 4 files deleted

done
open repository
lock repository
using parent snapshot 5735be4b
load index files
start scan on [/home/kevin]
start backup on [/home/kevin]
scan finished in 2.206s: 88261 files, 39.774 GiB

Files:        1968 new,   849 changed, 85444 unmodified
Dirs:           19 new,   159 changed, 15942 unmodified
Data Blobs:   2823 new
Tree Blobs:    164 new
Added to the repository: 264.968 MiB (146.576 MiB stored)

processed 88261 files, 39.774 GiB in 0:13
snapshot 3b76a7e2 saved
Applying Policy: keep 7 daily, 4 weekly, 6 monthly snapshots
keep 12 snapshots:
ID        Time                 Host         Tags        Reasons           Paths
-------------------------------------------------------------------------------------
e72d2009  2026-03-01 15:05:35  ubuntu-7050              monthly snapshot  /home/kevin
40419d8c  2026-03-31 02:00:01  ubuntu-7050              monthly snapshot  /home/kevin
fdbecbb8  2026-04-30 02:00:01  ubuntu-7050              monthly snapshot  /home/kevin
b3e44c58  2026-05-03 02:00:01  ubuntu-7050              weekly snapshot   /home/kevin
ee430ffa  2026-05-10 02:00:01  ubuntu-7050              weekly snapshot   /home/kevin
8515e5b7  2026-05-17 02:00:01  ubuntu-7050              daily snapshot    /home/kevin
                                                        weekly snapshot
7ed66990  2026-05-18 02:00:01  ubuntu-7050              daily snapshot    /home/kevin
f5ea443b  2026-05-19 02:00:01  ubuntu-7050              daily snapshot    /home/kevin
9902ec4a  2026-05-20 02:00:02  ubuntu-7050              daily snapshot    /home/kevin
6661be39  2026-05-21 02:00:01  ubuntu-7050              daily snapshot    /home/kevin
5735be4b  2026-05-22 02:00:01  ubuntu-7050              daily snapshot    /home/kevin
3b76a7e2  2026-05-23 02:00:01  ubuntu-7050              daily snapshot    /home/kevin
                                                        weekly snapshot
                                                        monthly snapshot
-------------------------------------------------------------------------------------
12 snapshots

remove 1 snapshots:
ID        Time                 Host         Tags        Paths
-------------------------------------------------------------------
9e7f3002  2026-05-16 02:00:01  ubuntu-7050              /home/kevin
-------------------------------------------------------------------
1 snapshots

[0:00] 100.00%  1 / 1 files deleted

1 snapshots have been removed, running prune
loading indexes...
loading all snapshots...
finding data that is still in use for 12 snapshots
[0:02] 100.00%  12 / 12 snapshots

searching used packs...
collecting packs for deletion and repacking
[0:02] 100.00%  2677 / 2677 packs processed


to repack:          1247 blobs / 80.519 MiB
this removes:       1112 blobs / 71.710 MiB
to delete:            20 blobs / 1022.476 KiB
total prune:        1132 blobs / 72.709 MiB
remaining:        273485 blobs / 43.004 GiB
unused size after prune: 2.141 GiB (4.98% of remaining size)

repacking packs
[0:02] 100.00%  5 / 5 packs repacked

rebuilding index
[0:01] 100.00%  2671 / 2671 packs processed

deleting obsolete index files
[0:00] 100.00%  3 / 3 files deleted

removing 7 old packs
[0:00] 100.00%  7 / 7 files deleted

done
open repository
lock repository
using parent snapshot 3b76a7e2
load index files
start scan on [/home/kevin]
start backup on [/home/kevin]
scan finished in 2.222s: 88629 files, 39.792 GiB

Files:         401 new,   206 changed, 88022 unmodified
Dirs:           15 new,   108 changed, 15998 unmodified
Data Blobs:    448 new
Tree Blobs:    111 new
Added to the repository: 193.623 MiB (50.645 MiB stored)

processed 88629 files, 39.792 GiB in 0:12
snapshot 5bcbd94f saved
Applying Policy: keep 7 daily, 4 weekly, 6 monthly snapshots
keep 13 snapshots:
ID        Time                 Host         Tags        Reasons           Paths
-------------------------------------------------------------------------------------
e72d2009  2026-03-01 15:05:35  ubuntu-7050              monthly snapshot  /home/kevin
40419d8c  2026-03-31 02:00:01  ubuntu-7050              monthly snapshot  /home/kevin
fdbecbb8  2026-04-30 02:00:01  ubuntu-7050              monthly snapshot  /home/kevin
b3e44c58  2026-05-03 02:00:01  ubuntu-7050              weekly snapshot   /home/kevin
ee430ffa  2026-05-10 02:00:01  ubuntu-7050              weekly snapshot   /home/kevin
8515e5b7  2026-05-17 02:00:01  ubuntu-7050              weekly snapshot   /home/kevin
7ed66990  2026-05-18 02:00:01  ubuntu-7050              daily snapshot    /home/kevin
f5ea443b  2026-05-19 02:00:01  ubuntu-7050              daily snapshot    /home/kevin
9902ec4a  2026-05-20 02:00:02  ubuntu-7050              daily snapshot    /home/kevin
6661be39  2026-05-21 02:00:01  ubuntu-7050              daily snapshot    /home/kevin
5735be4b  2026-05-22 02:00:01  ubuntu-7050              daily snapshot    /home/kevin
3b76a7e2  2026-05-23 02:00:01  ubuntu-7050              daily snapshot    /home/kevin
5bcbd94f  2026-05-24 02:00:01  ubuntu-7050              daily snapshot    /home/kevin
                                                        weekly snapshot
                                                        monthly snapshot
-------------------------------------------------------------------------------------
13 snapshots

open repository
lock repository
using parent snapshot 5bcbd94f
load index files
start scan on [/home/kevin]
start backup on [/home/kevin]
scan finished in 2.239s: 88468 files, 39.833 GiB

Files:         161 new,   321 changed, 87986 unmodified
Dirs:            0 new,   104 changed, 16017 unmodified
Data Blobs:    610 new
Tree Blobs:     95 new
Added to the repository: 149.048 MiB (37.698 MiB stored)

processed 88468 files, 39.833 GiB in 0:08
snapshot cd701c7a saved
Applying Policy: keep 7 daily, 4 weekly, 6 monthly snapshots
keep 12 snapshots:
ID        Time                 Host         Tags        Reasons           Paths
-------------------------------------------------------------------------------------
e72d2009  2026-03-01 15:05:35  ubuntu-7050              monthly snapshot  /home/kevin
40419d8c  2026-03-31 02:00:01  ubuntu-7050              monthly snapshot  /home/kevin
fdbecbb8  2026-04-30 02:00:01  ubuntu-7050              monthly snapshot  /home/kevin
ee430ffa  2026-05-10 02:00:01  ubuntu-7050              weekly snapshot   /home/kevin
8515e5b7  2026-05-17 02:00:01  ubuntu-7050              weekly snapshot   /home/kevin
f5ea443b  2026-05-19 02:00:01  ubuntu-7050              daily snapshot    /home/kevin
9902ec4a  2026-05-20 02:00:02  ubuntu-7050              daily snapshot    /home/kevin
6661be39  2026-05-21 02:00:01  ubuntu-7050              daily snapshot    /home/kevin
5735be4b  2026-05-22 02:00:01  ubuntu-7050              daily snapshot    /home/kevin
3b76a7e2  2026-05-23 02:00:01  ubuntu-7050              daily snapshot    /home/kevin
5bcbd94f  2026-05-24 02:00:01  ubuntu-7050              daily snapshot    /home/kevin
                                                        weekly snapshot
cd701c7a  2026-05-25 02:00:01  ubuntu-7050              daily snapshot    /home/kevin
                                                        weekly snapshot
                                                        monthly snapshot
-------------------------------------------------------------------------------------
12 snapshots

remove 2 snapshots:
ID        Time                 Host         Tags        Paths
-------------------------------------------------------------------
b3e44c58  2026-05-03 02:00:01  ubuntu-7050              /home/kevin
7ed66990  2026-05-18 02:00:01  ubuntu-7050              /home/kevin
-------------------------------------------------------------------
2 snapshots

[0:00] 100.00%  2 / 2 files deleted

2 snapshots have been removed, running prune
loading indexes...
loading all snapshots...
finding data that is still in use for 12 snapshots
[0:02] 100.00%  12 / 12 snapshots

searching used packs...
collecting packs for deletion and repacking
[0:02] 100.00%  2679 / 2679 packs processed


to repack:          3475 blobs / 243.724 MiB
this removes:       3157 blobs / 227.757 MiB
to delete:           787 blobs / 84.041 MiB
total prune:        3944 blobs / 311.798 MiB
remaining:        270805 blobs / 42.786 GiB
unused size after prune: 2.136 GiB (4.99% of remaining size)

repacking packs
[0:03] 100.00%  18 / 18 packs repacked

rebuilding index
[0:01] 100.00%  2658 / 2658 packs processed

deleting obsolete index files
[0:00] 100.00%  4 / 4 files deleted

removing 23 old packs
[0:00] 100.00%  23 / 23 files deleted

done
open repository
lock repository
using parent snapshot cd701c7a
load index files
start scan on [/home/kevin]
start backup on [/home/kevin]
scan finished in 2.281s: 93068 files, 40.072 GiB

Files:        4619 new,  1064 changed, 87385 unmodified
Dirs:           39 new,   216 changed, 15904 unmodified
Data Blobs:   5882 new
Tree Blobs:    221 new
Added to the repository: 494.390 MiB (239.093 MiB stored)

processed 93068 files, 40.072 GiB in 0:19
snapshot e1939877 saved
Applying Policy: keep 7 daily, 4 weekly, 6 monthly snapshots
keep 12 snapshots:
ID        Time                 Host         Tags        Reasons           Paths
-------------------------------------------------------------------------------------
e72d2009  2026-03-01 15:05:35  ubuntu-7050              monthly snapshot  /home/kevin
40419d8c  2026-03-31 02:00:01  ubuntu-7050              monthly snapshot  /home/kevin
fdbecbb8  2026-04-30 02:00:01  ubuntu-7050              monthly snapshot  /home/kevin
ee430ffa  2026-05-10 02:00:01  ubuntu-7050              weekly snapshot   /home/kevin
8515e5b7  2026-05-17 02:00:01  ubuntu-7050              weekly snapshot   /home/kevin
9902ec4a  2026-05-20 02:00:02  ubuntu-7050              daily snapshot    /home/kevin
6661be39  2026-05-21 02:00:01  ubuntu-7050              daily snapshot    /home/kevin
5735be4b  2026-05-22 02:00:01  ubuntu-7050              daily snapshot    /home/kevin
3b76a7e2  2026-05-23 02:00:01  ubuntu-7050              daily snapshot    /home/kevin
5bcbd94f  2026-05-24 02:00:01  ubuntu-7050              daily snapshot    /home/kevin
                                                        weekly snapshot
cd701c7a  2026-05-25 02:00:01  ubuntu-7050              daily snapshot    /home/kevin
e1939877  2026-05-26 02:00:01  ubuntu-7050              daily snapshot    /home/kevin
                                                        weekly snapshot
                                                        monthly snapshot
-------------------------------------------------------------------------------------
12 snapshots

remove 1 snapshots:
ID        Time                 Host         Tags        Paths
-------------------------------------------------------------------
f5ea443b  2026-05-19 02:00:01  ubuntu-7050              /home/kevin
-------------------------------------------------------------------
1 snapshots

[0:00] 100.00%  1 / 1 files deleted

1 snapshots have been removed, running prune
loading indexes...
loading all snapshots...
finding data that is still in use for 12 snapshots
[0:02] 100.00%  12 / 12 snapshots

searching used packs...
collecting packs for deletion and repacking
[0:03] 100.00%  2674 / 2674 packs processed


to repack:          2827 blobs / 148.996 MiB
this removes:       2053 blobs / 129.090 MiB
to delete:             0 blobs / 0 B
total prune:        2053 blobs / 129.090 MiB
remaining:        274855 blobs / 42.893 GiB
unused size after prune: 2.136 GiB (4.98% of remaining size)

repacking packs
[0:03] 100.00%  11 / 11 packs repacked

rebuilding index
[0:01] 100.00%  2666 / 2666 packs processed

deleting obsolete index files
[0:00] 100.00%  3 / 3 files deleted

removing 11 old packs
[0:00] 100.00%  11 / 11 files deleted

done
open repository
lock repository
using parent snapshot e1939877
load index files
start scan on [/home/kevin]
start backup on [/home/kevin]
scan finished in 2.349s: 91161 files, 40.468 GiB

Files:        3118 new,  1111 changed, 86932 unmodified
Dirs:           30 new,   417 changed, 15726 unmodified
Data Blobs:   4491 new
Tree Blobs:    397 new
Added to the repository: 897.389 MiB (662.060 MiB stored)

processed 91161 files, 40.468 GiB in 1:00
snapshot a0046a96 saved
Applying Policy: keep 7 daily, 4 weekly, 6 monthly snapshots
keep 12 snapshots:
ID        Time                 Host         Tags        Reasons           Paths
-------------------------------------------------------------------------------------
e72d2009  2026-03-01 15:05:35  ubuntu-7050              monthly snapshot  /home/kevin
40419d8c  2026-03-31 02:00:01  ubuntu-7050              monthly snapshot  /home/kevin
fdbecbb8  2026-04-30 02:00:01  ubuntu-7050              monthly snapshot  /home/kevin
ee430ffa  2026-05-10 02:00:01  ubuntu-7050              weekly snapshot   /home/kevin
8515e5b7  2026-05-17 02:00:01  ubuntu-7050              weekly snapshot   /home/kevin
6661be39  2026-05-21 02:00:01  ubuntu-7050              daily snapshot    /home/kevin
5735be4b  2026-05-22 02:00:01  ubuntu-7050              daily snapshot    /home/kevin
3b76a7e2  2026-05-23 02:00:01  ubuntu-7050              daily snapshot    /home/kevin
5bcbd94f  2026-05-24 02:00:01  ubuntu-7050              daily snapshot    /home/kevin
                                                        weekly snapshot
cd701c7a  2026-05-25 02:00:01  ubuntu-7050              daily snapshot    /home/kevin
e1939877  2026-05-26 02:00:01  ubuntu-7050              daily snapshot    /home/kevin
a0046a96  2026-05-27 02:00:01  ubuntu-7050              daily snapshot    /home/kevin
                                                        weekly snapshot
                                                        monthly snapshot
-------------------------------------------------------------------------------------
12 snapshots

remove 1 snapshots:
ID        Time                 Host         Tags        Paths
-------------------------------------------------------------------
9902ec4a  2026-05-20 02:00:02  ubuntu-7050              /home/kevin
-------------------------------------------------------------------
1 snapshots

[0:00] 100.00%  1 / 1 files deleted

1 snapshots have been removed, running prune
loading indexes...
loading all snapshots...
finding data that is still in use for 12 snapshots
[0:02] 100.00%  12 / 12 snapshots

searching used packs...
collecting packs for deletion and repacking
[0:02] 100.00%  2707 / 2707 packs processed


to repack:          1315 blobs / 66.185 MiB
this removes:        967 blobs / 64.208 MiB
to delete:          8564 blobs / 733.396 MiB
total prune:        9531 blobs / 797.604 MiB
remaining:        270212 blobs / 42.760 GiB
unused size after prune: 2.126 GiB (4.97% of remaining size)

repacking packs
[0:00] 100.00%  6 / 6 packs repacked

rebuilding index
[0:01] 100.00%  2658 / 2658 packs processed

deleting obsolete index files
[0:00] 100.00%  3 / 3 files deleted

removing 51 old packs
[0:00] 100.00%  51 / 51 files deleted

done
